Year,RK,Team,League,G,GS,INN,TC,PO,A,E,DP,SB,CS,SBPCT,PB,C_WP,FPCTâ–¼,DER
2018,1,Houston Astros,AL,162,1458,13095.0,5797,4365,1369,63,116,60,25,0.706,15,67,0.989,0.707
,2,Washington Nationals,NL,162,1458,13014.0,5765,4338,1363,64,115,75,43,0.636,10,42,0.989,0.703
,3,Arizona Diamondbacks,NL,162,1458,13167.0,6150,4389,1686,75,152,66,27,0.710,6,69,0.988,0.699
,4,Colorado Rockies,NL,163,1467,13071.0,6055,4357,1624,74,162,92,25,0.786,11,70,0.988,0.690
,5,Los Angeles Angels,AL,162,1458,12936.0,5890,4312,1502,76,173,46,33,0.582,18,87,0.987,0.694
,6,Kansas City Royals,AL,162,1458,12888.0,5902,4296,1529,77,142,60,33,0.645,10,68,0.987,0.680
,7,Boston Red Sox,AL,162,1458,13128.0,5819,4376,1366,77,106,64,30,0.681,25,51,0.987,0.694
,8,Atlanta Braves,NL,162,1458,13110.0,5889,4370,1439,80,134,102,28,0.785,13,61,0.986,0.710
,9,Miami Marlins,NL,161,1449,12978.0,5857,4326,1448,83,133,60,42,0.588,10,47,0.986,0.699
,10,Cleveland Indians,AL,162,1458,13116.0,5808,4372,1353,83,123,81,29,0.736,9,54,0.986,0.689
,11,Tampa Bay Rays,AL,162,1458,13035.0,5913,4345,1483,85,136,78,27,0.743,17,55,0.986,0.709
,12,Oakland Athletics,AL,162,1458,13191.0,6080,4397,1594,89,125,98,46,0.681,17,86,0.985,0.717
,13,Seattle Mariners,AL,162,1458,13038.0,5920,4346,1486,88,153,66,26,0.717,13,57,0.985,0.691
,14,New York Mets,NL,162,1458,13146.0,5876,4382,1406,88,121,134,36,0.788,9,26,0.985,0.691
,15,Cincinnati Reds,NL,162,1458,12969.0,6026,4323,1608,95,144,83,24,0.776,6,48,0.984,0.685
,16,San Francisco Giants,NL,162,1458,13152.0,6086,4384,1605,97,160,93,31,0.750,9,44,0.984,0.691
,17,New York Yankees,AL,162,1458,13107.0,5807,4369,1344,94,95,88,31,0.739,25,73,0.984,0.687
,18,Detroit Tigers,AL,162,1458,12828.0,5799,4276,1428,95,126,79,37,0.681,8,54,0.984,0.695
,19,Minnesota Twins,AL,162,1458,12990.0,5881,4330,1454,97,127,85,29,0.746,12,59,0.984,0.685
,20,San Diego Padres,NL,162,1458,13113.0,6010,4371,1539,100,127,88,30,0.746,12,52,0.983,0.683
,21,Chicago Cubs,NL,163,1467,13287.0,6208,4429,1675,104,155,84,40,0.677,12,46,0.983,0.702
,22,Los Angeles Dodgers,NL,163,1467,13284.0,5963,4428,1435,100,111,70,25,0.737,10,39,0.983,0.699
,23,Toronto Blue Jays,AL,162,1458,12903.0,5849,4301,1447,101,138,136,39,0.777,8,71,0.983,0.679
,24,Baltimore Orioles,AL,162,1458,12879.0,5934,4293,1537,104,159,89,42,0.679,9,81,0.982,0.675
,25,Pittsburgh Pirates,NL,161,1449,12906.0,5885,4302,1478,105,129,72,36,0.667,8,95,0.982,0.687
,26,Milwaukee Brewers,NL,163,1467,13149.0,5944,4383,1453,108,141,69,39,0.639,10,50,0.982,0.706
,27,Chicago White Sox,AL,162,1458,12933.0,5856,4311,1431,114,134,133,39,0.773,20,94,0.981,0.692
,28,Texas Rangers,AL,162,1458,12879.0,5971,4293,1558,120,168,76,18,0.809,13,57,0.980,0.683
,29,Philadelphia Phillies,NL,162,1458,13011.0,5938,4337,1478,123,138,100,35,0.741,18,81,0.979,0.680
,30,St. Louis Cardinals,NL,162,1458,13098.0,6039,4366,1540,133,151,47,13,0.783,7,63,0.978,0.688
2017,1,Miami Marlins,NL,162,1458,12984.0,5955,4328,1554,73,156,67,30,0.691,12,57,0.988,0.693
,2,Colorado Rockies,NL,162,1458,12939.0,6120,4313,1730,77,168,67,27,0.713,18,69,0.987,0.685
,3,Cleveland Indians,AL,162,1458,12966.0,5845,4322,1447,76,167,50,37,0.575,9,48,0.987,0.684
,4,Minnesota Twins,AL,162,1458,12924.0,5863,4308,1477,78,143,75,29,0.721,16,52,0.987,0.693
,5,Kansas City Royals,AL,162,1458,12939.0,5917,4313,1525,79,145,87,30,0.744,11,48,0.987,0.685
,6,Cincinnati Reds,NL,162,1458,12870.0,5994,4290,1623,81,132,79,42,0.653,9,62,0.986,0.691
,7,Los Angeles Angels,AL,162,1458,12966.0,5864,4322,1462,80,135,71,43,0.623,10,57,0.986,0.701
,8,Philadelphia Phillies,NL,162,1458,12969.0,5902,4323,1497,82,145,91,30,0.752,17,50,0.986,0.687
,9,San Francisco Giants,NL,162,1458,13068.0,5965,4356,1522,87,127,73,37,0.664,6,55,0.985,0.680
,10,Detroit Tigers,AL,162,1458,12783.0,5734,4261,1389,84,146,85,37,0.697,14,53,0.985,0.669
,11,Washington Nationals,NL,162,1458,13020.0,5860,4340,1434,86,139,94,29,0.764,10,44,0.985,0.701
,12,Toronto Blue Jays,AL,162,1458,13185.0,6057,4395,1570,92,145,119,26,0.821,8,53,0.985,0.684
,13,Los Angeles Dodgers,NL,162,1458,13002.0,5789,4334,1367,88,131,68,28,0.708,19,40,0.985,0.704
,14,St. Louis Cardinals,NL,162,1458,13053.0,6039,4351,1594,94,164,54,32,0.628,7,38,0.984,0.688
,15,Chicago Cubs,NL,162,1458,13026.0,6093,4342,1656,95,139,121,35,0.776,13,73,0.984,0.700
,16,Baltimore Orioles,AL,162,1458,12969.0,6026,4323,1609,94,175,77,34,0.694,8,53,0.984,0.686
,17,New York Mets,NL,162,1458,12912.0,5852,4304,1456,92,125,102,29,0.779,7,55,0.984,0.667
,18,New York Yankees,AL,162,1458,13038.0,5909,4346,1468,95,102,65,26,0.714,21,83,0.984,0.704
,19,Atlanta Braves,NL,162,1458,12972.0,5999,4324,1578,97,137,99,30,0.767,20,58,0.984,0.685
,20,Pittsburgh Pirates,NL,162,1458,12966.0,6083,4322,1662,99,156,95,28,0.772,15,58,0.984,0.680
,21,Houston Astros,AL,162,1458,13014.0,5963,4338,1526,99,153,102,14,0.879,16,86,0.983,0.683
,22,Tampa Bay Rays,AL,162,1458,13005.0,5868,4335,1433,100,129,83,22,0.790,15,83,0.983,0.702
,23,Seattle Mariners,AL,162,1458,12963.0,5846,4321,1422,103,147,80,26,0.755,15,73,0.982,0.701
,24,Arizona Diamondbacks,NL,162,1458,12969.0,6035,4323,1604,108,140,69,32,0.683,12,82,0.982,0.688
,25,Texas Rangers,AL,162,1458,12909.0,6027,4303,1616,108,173,87,28,0.757,8,63,0.982,0.696
,26,Boston Red Sox,AL,162,1458,13341.0,5944,4447,1390,107,126,61,39,0.610,19,43,0.982,0.683
,27,San Diego Padres,NL,162,1458,12876.0,6028,4292,1623,113,177,76,34,0.691,8,73,0.981,0.686
,28,Milwaukee Brewers,NL,162,1458,13011.0,6076,4337,1624,115,164,99,32,0.756,11,50,0.981,0.686
,29,Chicago White Sox,AL,162,1458,12795.0,5920,4265,1541,114,157,120,26,0.822,11,67,0.981,0.701
,30,Oakland Athletics,AL,162,1458,12879.0,6011,4293,1597,121,162,111,42,0.725,16,84,0.980,0.687
2016,1,San Francisco Giants,NL,162,1458,13143.0,6092,4381,1639,72,136,71,35,0.670,6,40,0.988,0.702
,2,Washington Nationals,NL,162,1458,13137.0,5877,4379,1425,73,142,54,29,0.651,17,47,0.988,0.700
,3,Houston Astros,AL,162,1458,13212.0,6080,4404,1599,77,135,67,31,0.684,18,98,0.987,0.682
,4,Detroit Tigers,AL,161,1449,12852.0,5896,4284,1537,75,148,71,39,0.645,5,44,0.987,0.692
,5,Boston Red Sox,AL,162,1458,12957.0,5821,4319,1427,75,139,59,33,0.641,37,52,0.987,0.695
,6,Baltimore Orioles,AL,162,1458,12888.0,5955,4296,1579,80,165,69,37,0.651,4,59,0.987,0.689
,7,Los Angeles Dodgers,NL,162,1458,13077.0,5887,4359,1448,80,101,87,36,0.707,13,58,0.986,0.701
,8,Toronto Blue Jays,AL,162,1458,13134.0,6088,4378,1622,88,144,84,20,0.808,29,50,0.986,0.705
,9,New York Yankees,AL,162,1458,12855.0,5907,4285,1536,86,116,86,31,0.735,14,52,0.985,0.695
,10,Miami Marlins,NL,161,1449,12915.0,5897,4305,1506,86,137,76,38,0.667,9,66,0.985,0.686
,11,Seattle Mariners,AL,162,1458,13113.0,6035,4371,1575,89,158,81,32,0.717,11,52,0.985,0.694
,12,Cleveland Indians,AL,161,1449,13005.0,6032,4335,1608,89,126,51,32,0.614,12,49,0.985,0.697
,13,New York Mets,NL,162,1458,13023.0,5950,4341,1519,90,138,135,45,0.750,8,50,0.985,0.678
,14,Kansas City Royals,AL,162,1458,12960.0,5940,4320,1526,94,134,55,42,0.567,7,55,0.984,0.689
,15,Chicago White Sox,AL,162,1458,13020.0,5971,4340,1536,95,148,89,20,0.817,8,72,0.984,0.689
,16,Texas Rangers,AL,162,1458,12987.0,6081,4329,1655,97,190,82,33,0.713,11,45,0.984,0.693
,17,Oakland Athletics,AL,162,1458,12900.0,6027,4300,1630,97,152,75,22,0.773,11,70,0.984,0.686
,18,Tampa Bay Rays,AL,162,1458,12837.0,5783,4279,1410,94,129,91,31,0.746,13,61,0.984,0.689
,19,Philadelphia Phillies,NL,162,1458,12933.0,5911,4311,1503,97,142,70,32,0.686,10,57,0.984,0.683
,20,Arizona Diamondbacks,NL,162,1458,13062.0,6118,4354,1663,101,143,63,35,0.643,17,69,0.983,0.667
,21,Chicago Cubs,NL,162,1458,13137.0,6115,4379,1635,101,116,133,38,0.778,12,80,0.983,0.731
,22,Los Angeles Angels,AL,162,1458,12792.0,5844,4264,1483,97,148,93,47,0.664,7,47,0.983,0.686
,23,Atlanta Braves,NL,161,1449,13029.0,6009,4343,1565,101,134,132,25,0.841,14,83,0.983,0.694
,24,Cincinnati Reds,NL,162,1458,12978.0,5977,4326,1549,102,142,108,45,0.706,9,61,0.983,0.695
,25,St. Louis Cardinals,NL,162,1458,13035.0,6199,4345,1747,107,169,85,26,0.766,10,50,0.983,0.680
,26,Pittsburgh Pirates,NL,162,1458,13061.0,6215,4359,1745,111,172,102,28,0.785,17,72,0.982,0.677
,27,Colorado Rockies,NL,162,1458,12864.0,6147,4288,1749,110,148,100,31,0.763,13,72,0.982,0.670
,28,San Diego Padres,NL,162,1458,12960.0,6052,4320,1623,109,165,98,29,0.772,13,67,0.982,0.687
,29,Minnesota Twins,AL,162,1458,12987.0,6065,4329,1610,126,172,78,20,0.796,9,83,0.979,0.666
,30,Milwaukee Brewers,NL,162,1458,12909.0,6110,4303,1671,136,145,92,59,0.609,8,48,0.978,0.683
2015,1,Los Angeles Dodgers,NL,162,1458,13011.0,6139,4337,1727,75,133,85,42,0.669,12,52,0.988,0.692
,2,San Francisco Giants,NL,162,1458,12999.0,6085,4333,1674,78,145,82,32,0.719,10,40,0.987,0.708
,3,Baltimore Orioles,AL,162,1458,12912.0,5978,4304,1597,77,134,62,29,0.681,10,46,0.987,0.692
,4,Miami Marlins,NL,162,1458,12843.0,5946,4281,1588,77,162,74,25,0.747,11,53,0.987,0.697
,5,Cleveland Indians,AL,161,1449,12894.0,5905,4298,1528,79,136,71,39,0.645,10,48,0.987,0.700
,6,Arizona Diamondbacks,NL,162,1458,13200.0,6183,4400,1697,86,146,73,28,0.723,11,51,0.986,0.693
,7,Houston Astros,AL,162,1458,12969.0,6025,4323,1617,85,131,87,27,0.763,8,61,0.986,0.703
,8,Minnesota Twins,AL,162,1458,12987.0,6052,4329,1637,86,150,93,22,0.809,3,54,0.986,0.688
,9,Detroit Tigers,AL,161,1449,13023.0,6048,4341,1621,86,165,72,43,0.626,5,60,0.986,0.689
,10,New York Mets,NL,162,1458,13164.0,6075,4388,1599,88,131,75,26,0.743,4,46,0.986,0.698
,11,Kansas City Royals,AL,162,1458,13068.0,6055,4356,1611,88,138,75,35,0.682,5,62,0.985,0.704
,12,Toronto Blue Jays,AL,162,1458,12969.0,6003,4323,1592,88,145,60,41,0.594,25,62,0.985,0.708
,13,Cincinnati Reds,NL,162,1458,13080.0,6072,4360,1622,90,131,100,31,0.763,9,54,0.985,0.690
,14,Atlanta Braves,NL,162,1458,12828.0,5959,4276,1593,90,186,84,33,0.718,13,53,0.985,0.682
,15,Washington Nationals,NL,162,1458,12912.0,5927,4304,1533,90,125,53,32,0.624,7,39,0.985,0.687
,16,Seattle Mariners,AL,162,1458,13167.0,6168,4389,1685,94,155,65,40,0.619,10,72,0.985,0.688
,17,Colorado Rockies,NL,162,1458,12837.0,6192,4279,1818,95,171,92,35,0.724,7,66,0.985,0.670
,18,New York Yankees,AL,162,1458,13119.0,6060,4373,1594,93,135,71,36,0.664,8,78,0.985,0.686
,19,San Diego Padres,NL,162,1458,12963.0,5979,4321,1566,92,138,122,60,0.670,18,54,0.985,0.684
,20,St. Louis Cardinals,NL,162,1458,13182.0,6107,4394,1617,96,159,54,29,0.651,5,48,0.984,0.689
,21,Los Angeles Angels,AL,162,1458,12966.0,5906,4322,1491,93,108,93,43,0.684,13,61,0.984,0.700
,22,Boston Red Sox,AL,162,1458,13035.0,6067,4345,1625,97,148,75,38,0.664,22,79,0.984,0.681
,23,Tampa Bay Rays,AL,162,1458,13080.0,5863,4360,1408,95,118,88,44,0.667,8,81,0.984,0.702
,24,Chicago White Sox,AL,162,1458,13074.0,6041,4358,1582,101,159,75,30,0.714,22,61,0.983,0.675
,25,Chicago Cubs,NL,162,1458,13152.0,6164,4384,1669,111,120,137,38,0.783,10,66,0.982,0.695
,26,Pittsburgh Pirates,NL,162,1458,13407.0,6459,4469,1868,122,177,144,43,0.770,11,67,0.981,0.680
,27,Milwaukee Brewers,NL,162,1458,12915.0,6099,4305,1678,116,164,104,46,0.693,7,71,0.981,0.682
,28,Texas Rangers,AL,162,1458,12984.0,6142,4328,1695,119,169,82,25,0.766,11,51,0.981,0.689
,29,Philadelphia Phillies,NL,162,1458,12927.0,6011,4309,1585,117,145,79,32,0.712,12,60,0.981,0.668
,30,Oakland Athletics,AL,162,1458,13002.0,6102,4334,1642,126,154,78,40,0.661,14,62,0.979,0.692
2014,1,Cincinnati Reds,NL,162,1458,13014.0,5998,4338,1588,72,120,71,38,0.651,13,45,0.988,0.713
,2,Philadelphia Phillies,NL,162,1458,13215.0,6161,4405,1673,83,133,115,46,0.714,8,49,0.987,0.693
,3,Seattle Mariners,AL,162,1458,13068.0,6046,4356,1608,82,139,92,35,0.724,11,80,0.986,0.715
,4,Los Angeles Angels,AL,162,1458,13344.0,6013,4448,1482,83,127,106,39,0.731,5,74,0.986,0.705
,5,Atlanta Braves,NL,162,1458,13095.0,5977,4365,1527,85,143,100,29,0.775,18,75,0.986,0.688
,6,Baltimore Orioles,AL,162,1458,13152.0,6075,4384,1604,87,156,84,32,0.724,9,42,0.986,0.706
,7,St. Louis Cardinals,NL,162,1458,13038.0,6051,4346,1617,88,145,54,29,0.651,7,44,0.985,0.700
,8,Toronto Blue Jays,AL,162,1458,12987.0,5944,4329,1528,87,130,94,24,0.797,18,43,0.985,0.694
,9,Boston Red Sox,AL,162,1458,13191.0,6099,4397,1610,92,155,87,33,0.725,18,51,0.985,0.687
,10,Tampa Bay Rays,AL,162,1458,13173.0,5788,4391,1309,88,96,82,26,0.759,9,65,0.985,0.702
,11,New York Yankees,AL,162,1458,13077.0,5925,4359,1474,92,107,77,38,0.670,15,49,0.984,0.687
,12,Miami Marlins,NL,162,1458,13119.0,6170,4373,1700,97,154,109,34,0.762,9,56,0.984,0.678
,13,Minnesota Twins,AL,162,1458,12915.0,5981,4305,1579,97,136,100,22,0.820,8,50,0.984,0.674
,14,San Francisco Giants,NL,162,1458,13041.0,6146,4347,1699,100,155,107,47,0.695,11,49,0.984,0.703
,15,Washington Nationals,NL,162,1458,13236.0,6137,4412,1625,100,139,60,36,0.625,6,37,0.984,0.693
,16,Milwaukee Brewers,NL,162,1458,13119.0,6074,4373,1602,99,130,96,35,0.733,7,44,0.984,0.698
,17,Arizona Diamondbacks,NL,162,1458,12999.0,6079,4333,1645,101,147,75,34,0.688,6,50,0.983,0.677
,18,Chicago Cubs,NL,162,1458,13170.0,6161,4390,1668,103,137,114,38,0.750,13,64,0.983,0.683
,19,Detroit Tigers,AL,162,1458,13086.0,6001,4362,1538,101,153,111,51,0.685,8,43,0.983,0.674
,20,San Diego Padres,NL,162,1458,12948.0,5977,4316,1560,101,124,116,40,0.744,21,57,0.983,0.698
,21,New York Mets,NL,162,1458,13173.0,6112,4391,1617,104,158,85,25,0.773,16,56,0.983,0.690
,22,Colorado Rockies,NL,162,1458,12879.0,6207,4293,1808,106,166,85,16,0.842,20,72,0.983,0.683
,23,Los Angeles Dodgers,NL,162,1458,13182.0,6208,4394,1707,107,145,86,38,0.694,12,64,0.983,0.690
,24,Pittsburgh Pirates,NL,162,1458,13107.0,6316,4369,1838,109,148,107,49,0.686,9,71,0.983,0.696
,25,Houston Astros,AL,162,1458,12948.0,6126,4316,1704,106,151,109,32,0.773,14,57,0.983,0.685
,26,Kansas City Royals,AL,162,1458,13056.0,5968,4352,1512,104,122,69,29,0.704,6,58,0.983,0.695
,27,Chicago White Sox,AL,162,1458,12969.0,6112,4323,1682,107,170,93,32,0.744,17,75,0.982,0.679
,28,Oakland Athletics,AL,162,1458,13170.0,6135,4390,1634,111,150,100,28,0.781,10,59,0.982,0.713
,29,Texas Rangers,AL,162,1458,12837.0,5798,4279,1413,106,155,85,36,0.702,9,61,0.982,0.677
,30,Cleveland Indians,AL,162,1458,13215.0,6120,4405,1599,116,139,95,44,0.683,9,56,0.981,0.673
2013,1,Baltimore Orioles,AL,162,1458,13077.0,6027,4359,1614,54,165,63,32,0.663,8,38,0.991,0.700
,2,Tampa Bay Rays,AL,163,1467,13176.0,6044,4392,1593,59,147,119,33,0.783,10,69,0.990,0.708
,3,New York Yankees,AL,162,1458,13026.0,5955,4342,1544,69,139,72,30,0.706,16,57,0.988,0.688
,4,Arizona Diamondbacks,NL,162,1458,13455.0,6293,4485,1733,75,135,48,22,0.686,10,84,0.988,0.699
,5,St. Louis Cardinals,NL,162,1458,13137.0,6172,4379,1718,75,177,39,26,0.600,6,33,0.988,0.692
,6,Cincinnati Reds,NL,162,1458,13263.0,6140,4421,1643,76,131,70,35,0.667,8,44,0.988,0.715
,7,Detroit Tigers,AL,162,1458,13164.0,5972,4388,1508,76,136,128,29,0.815,14,63,0.987,0.686
,8,Minnesota Twins,AL,162,1458,13053.0,6155,4351,1723,81,178,73,38,0.658,6,50,0.987,0.680
,9,Boston Red Sox,AL,162,1458,13086.0,5958,4362,1516,80,142,133,43,0.756,15,47,0.987,0.696
,10,San Diego Padres,NL,162,1458,13095.0,6146,4365,1698,83,140,107,43,0.713,7,51,0.986,0.698
,11,Atlanta Braves,NL,162,1458,13053.0,6116,4351,1680,85,141,79,32,0.712,6,50,0.986,0.701
,12,Texas Rangers,AL,163,1467,13170.0,6025,4390,1549,86,146,73,34,0.682,7,68,0.986,0.695
,13,Kansas City Royals,AL,162,1458,13035.0,5950,4345,1520,85,136,77,36,0.681,6,60,0.986,0.699
,14,Miami Marlins,NL,162,1458,13140.0,6155,4380,1687,88,144,90,37,0.709,16,53,0.986,0.698
,15,Seattle Mariners,AL,162,1458,13185.0,6128,4395,1645,88,149,89,30,0.748,11,74,0.986,0.684
,16,Colorado Rockies,NL,162,1458,12924.0,6253,4308,1855,90,162,89,33,0.730,13,62,0.986,0.675
,17,New York Mets,NL,162,1458,13290.0,6165,4430,1642,93,127,87,29,0.750,11,47,0.985,0.692
,18,Philadelphia Phillies,NL,162,1458,12927.0,6020,4309,1614,97,141,114,35,0.765,5,48,0.984,0.680
,19,Pittsburgh Pirates,NL,162,1458,13236.0,6442,4412,1924,106,154,95,43,0.688,7,81,0.984,0.700
,20,Chicago Cubs,NL,162,1458,13032.0,6046,4344,1602,100,129,107,42,0.718,13,59,0.983,0.706
,21,Cleveland Indians,AL,162,1458,12972.0,5925,4324,1503,98,135,84,31,0.730,10,71,0.983,0.685
,22,Oakland Athletics,AL,162,1458,13068.0,5830,4356,1377,97,112,87,27,0.763,15,56,0.983,0.709
,23,Los Angeles Dodgers,NL,162,1458,13053.0,6183,4351,1723,109,160,63,40,0.612,10,66,0.982,0.692
,24,Washington Nationals,NL,162,1458,13011.0,5993,4337,1549,107,146,95,20,0.826,5,43,0.982,0.691
,25,San Francisco Giants,NL,162,1458,13026.0,5986,4342,1537,107,128,95,41,0.699,8,60,0.982,0.691
,26,Toronto Blue Jays,AL,162,1458,13068.0,6072,4356,1605,111,145,87,29,0.750,30,54,0.982,0.691
,27,Los Angeles Angels,AL,162,1458,13119.0,5985,4373,1500,112,135,131,35,0.789,7,74,0.981,0.686
,28,Milwaukee Brewers,NL,162,1458,12984.0,6070,4328,1628,114,153,99,30,0.767,10,51,0.981,0.698
,29,Chicago White Sox,AL,162,1458,13095.0,6041,4365,1555,121,155,102,35,0.745,21,62,0.980,0.689
,30,Houston Astros,AL,162,1458,12960.0,6080,4320,1635,125,168,98,37,0.726,14,61,0.979,0.681
2012,1,Chicago White Sox,AL,162,1458,13011.0,5985,4337,1578,70,154,104,41,0.717,9,66,0.988,0.703
,2,Seattle Mariners,AL,162,1458,13110.0,6012,4370,1570,72,155,128,39,0.766,20,61,0.988,0.708
,3,New York Yankees,AL,162,1458,13008.0,5882,4336,1471,75,135,90,28,0.763,17,53,0.987,0.692
,4,Atlanta Braves,NL,162,1458,13008.0,6076,4336,1654,86,147,98,39,0.715,10,54,0.986,0.705
,5,Texas Rangers,AL,162,1458,12978.0,5907,4326,1496,85,136,106,27,0.797,13,53,0.986,0.695
,6,Cincinnati Reds,NL,162,1458,13077.0,6050,4359,1602,89,113,78,43,0.645,7,34,0.985,0.700
,7,Arizona Diamondbacks,NL,162,1458,12903.0,6067,4301,1676,90,146,48,37,0.565,9,52,0.985,0.685
,8,Washington Nationals,NL,162,1458,13215.0,6131,4405,1632,94,134,111,22,0.835,15,62,0.985,0.704
,9,Cleveland Indians,AL,162,1458,12978.0,6087,4326,1665,96,157,140,37,0.791,13,67,0.984,0.687
,10,Los Angeles Dodgers,NL,162,1458,13047.0,6116,4349,1669,98,138,92,43,0.681,11,46,0.984,0.703
,11,Toronto Blue Jays,AL,162,1458,12993.0,6169,4331,1737,101,167,87,43,0.669,15,56,0.984,0.696
,12,Los Angeles Angels,AL,162,1458,12900.0,5976,4300,1578,98,141,127,41,0.756,11,38,0.984,0.708
,13,Boston Red Sox,AL,162,1458,12987.0,6117,4329,1687,101,159,127,31,0.804,11,42,0.983,0.692
,14,Milwaukee Brewers,NL,162,1458,13083.0,5992,4361,1532,99,133,123,39,0.759,5,57,0.983,0.675
,15,Philadelphia Phillies,NL,162,1458,13062.0,6015,4354,1560,101,118,99,56,0.639,9,30,0.983,0.685
,16,Detroit Tigers,AL,162,1458,12876.0,5872,4292,1481,99,127,131,45,0.744,14,46,0.983,0.680
,17,Miami Marlins,NL,162,1458,12966.0,6074,4322,1649,103,154,88,28,0.759,14,36,0.983,0.686
,18,Baltimore Orioles,AL,162,1458,13347.0,6235,4449,1680,106,151,63,36,0.636,10,34,0.983,0.701
,19,New York Mets,NL,162,1458,12906.0,5905,4302,1502,101,135,97,30,0.764,32,40,0.983,0.696
,20,St. Louis Cardinals,NL,162,1458,13164.0,6249,4388,1754,107,149,56,43,0.566,9,46,0.983,0.685
,21,Minnesota Twins,AL,162,1458,12948.0,6208,4316,1785,107,188,111,24,0.822,8,60,0.983,0.691
,22,Chicago Cubs,NL,162,1458,12723.0,5929,4241,1583,105,148,125,36,0.776,9,44,0.982,0.693
,23,Oakland Athletics,AL,162,1458,13230.0,6089,4410,1568,111,135,99,45,0.688,12,40,0.982,0.705
,24,Pittsburgh Pirates,NL,162,1458,12900.0,6068,4300,1656,112,126,154,19,0.890,9,45,0.982,0.698
,25,Kansas City Royals,AL,162,1458,13062.0,6091,4354,1624,113,171,113,51,0.689,11,49,0.981,0.676
,26,Tampa Bay Rays,AL,162,1458,13137.0,6134,4379,1641,114,155,101,33,0.754,6,59,0.981,0.705
,27,San Francisco Giants,NL,162,1458,13059.0,6107,4353,1639,115,134,129,53,0.709,5,54,0.981,0.693
,28,Houston Astros,NL,162,1458,12810.0,6117,4270,1729,118,132,131,37,0.780,13,75,0.981,0.677
,29,San Diego Padres,NL,162,1458,12912.0,6080,4304,1655,121,97,152,47,0.764,18,49,0.980,0.698
,30,Colorado Rockies,NL,162,1458,12798.0,6106,4266,1718,122,139,121,43,0.738,22,94,0.980,0.658
2011,1,Philadelphia Phillies,NL,162,1458,13293.0,6125,4431,1620,74,135,106,29,0.785,12,23,0.988,0.704
,2,Tampa Bay Rays,AL,162,1458,13041.0,5939,4347,1519,73,138,104,33,0.759,5,45,0.988,0.724
,3,Chicago White Sox,AL,162,1458,13140.0,6126,4380,1667,79,129,135,37,0.785,10,55,0.987,0.687
,4,Atlanta Braves,NL,162,1458,13317.0,6197,4439,1675,83,131,128,41,0.757,9,61,0.987,0.699
,5,Los Angeles Dodgers,NL,161,1449,12888.0,5892,4296,1511,85,121,116,40,0.744,8,50,0.986,0.702
,6,Cincinnati Reds,NL,162,1458,13209.0,6253,4403,1759,91,146,81,44,0.648,5,51,0.985,0.706
,7,Arizona Diamondbacks,NL,162,1458,12990.0,6024,4330,1604,90,131,61,43,0.587,9,39,0.985,0.703
,8,Los Angeles Angels,AL,162,1458,13185.0,6211,4395,1723,93,157,126,40,0.759,7,55,0.985,0.706
,9,San Diego Padres,NL,162,1458,13044.0,6136,4348,1694,94,139,141,60,0.701,10,45,0.985,0.706
,10,Boston Red Sox,AL,162,1458,13116.0,5990,4372,1526,92,120,156,50,0.757,32,58,0.985,0.703
,11,Florida Marlins,NL,162,1458,13137.0,6025,4379,1553,93,126,103,24,0.811,10,43,0.985,0.693
,12,Kansas City Royals,AL,162,1458,13062.0,6149,4354,1700,95,149,115,49,0.701,8,69,0.985,0.689
,13,Colorado Rockies,NL,162,1458,13029.0,6199,4343,1758,98,156,99,49,0.669,17,65,0.984,0.691
,14,San Francisco Giants,NL,162,1458,13212.0,6165,4404,1657,104,127,124,59,0.678,14,42,0.983,0.702
,15,New York Yankees,AL,162,1458,13125.0,6046,4375,1569,102,141,128,49,0.723,7,67,0.983,0.687
,16,Washington Nationals,NL,161,1449,13044.0,6143,4348,1691,104,145,76,40,0.655,8,49,0.983,0.697
,17,Detroit Tigers,AL,162,1458,12960.0,6062,4320,1639,103,148,119,49,0.708,8,69,0.983,0.695
,18,Toronto Blue Jays,AL,162,1458,13128.0,6189,4376,1703,110,148,111,40,0.735,20,73,0.982,0.695
,19,Cleveland Indians,AL,162,1458,13080.0,6159,4360,1689,110,130,104,48,0.684,9,42,0.982,0.693
,20,Seattle Mariners,AL,162,1458,12897.0,6030,4299,1623,108,152,110,46,0.705,11,68,0.982,0.701
,21,Pittsburgh Pirates,NL,162,1458,13044.0,6231,4348,1771,112,154,123,40,0.755,13,60,0.982,0.686
,22,Baltimore Orioles,AL,162,1458,13020.0,6105,4340,1655,110,159,83,42,0.664,4,32,0.982,0.683
,23,St. Louis Cardinals,NL,162,1458,13158.0,6317,4386,1815,116,167,64,25,0.719,10,48,0.982,0.687
,24,Milwaukee Brewers,NL,162,1458,12975.0,6023,4325,1587,111,130,102,37,0.734,4,70,0.982,0.694
,25,New York Mets,NL,162,1458,13032.0,6157,4344,1697,116,126,121,33,0.786,26,46,0.981,0.684
,26,Texas Rangers,AL,162,1458,12972.0,5990,4324,1552,114,164,85,46,0.649,9,43,0.981,0.703
,27,Houston Astros,NL,162,1458,12915.0,6053,4305,1632,116,140,131,31,0.809,8,39,0.981,0.682
,28,Minnesota Twins,AL,162,1458,12795.0,6005,4265,1621,119,153,96,44,0.686,12,47,0.980,0.679
,29,Oakland Athletics,AL,162,1458,13029.0,5996,4343,1529,124,145,119,47,0.717,6,53,0.979,0.692
,30,Chicago Cubs,NL,162,1458,12909.0,5996,4303,1559,134,128,112,46,0.709,7,51,0.978,0.680
2010,1,New York Yankees,AL,162,1458,12981.0,5918,4327,1522,69,161,132,23,0.852,12,69,0.988,0.710
,2,San Diego Padres,NL,162,1458,13107.0,6067,4369,1626,72,141,79,39,0.669,13,29,0.988,0.704
,3,Cincinnati Reds,NL,162,1458,13077.0,6039,4359,1608,72,142,71,34,0.676,4,48,0.988,0.703
,4,San Francisco Giants,NL,162,1458,13149.0,5941,4383,1485,73,110,115,49,0.701,6,74,0.988,0.708
,5,Minnesota Twins,AL,162,1458,13074.0,6146,4358,1710,78,150,82,37,0.689,8,41,0.987,0.692
,6,Philadelphia Phillies,NL,162,1458,13107.0,6139,4369,1687,83,158,84,31,0.730,6,26,0.986,0.698
,7,New York Mets,NL,162,1458,13077.0,6111,4359,1665,87,159,51,26,0.662,10,48,0.986,0.691
,8,Tampa Bay Rays,AL,162,1458,13083.0,5945,4361,1499,85,134,89,30,0.748,9,60,0.986,0.709
,9,Toronto Blue Jays,AL,162,1458,12966.0,6105,4322,1691,92,172,69,35,0.663,10,69,0.985,0.689
,10,St. Louis Cardinals,NL,162,1458,13083.0,6332,4361,1872,99,172,53,38,0.582,10,42,0.984,0.693
,11,Oakland Athletics,AL,162,1458,12885.0,6098,4295,1704,99,147,88,32,0.733,8,42,0.984,0.713
,12,Los Angeles Dodgers,NL,162,1458,12975.0,6012,4325,1589,98,124,97,39,0.713,6,58,0.984,0.697
,13,Colorado Rockies,NL,162,1458,12978.0,6134,4326,1707,101,182,81,43,0.653,15,77,0.984,0.682
,14,Chicago White Sox,AL,162,1458,13017.0,6105,4339,1663,103,158,105,39,0.729,4,59,0.983,0.680
,15,Milwaukee Brewers,NL,162,1458,12951.0,5934,4317,1516,101,142,100,31,0.763,5,71,0.983,0.677
,16,Arizona Diamondbacks,NL,162,1458,12888.0,5970,4296,1572,102,152,115,36,0.762,15,82,0.983,0.691
,17,Houston Astros,NL,162,1458,12954.0,6018,4318,1597,103,135,89,44,0.669,12,57,0.983,0.679
,18,Baltimore Orioles,AL,162,1458,12927.0,5996,4309,1582,105,141,83,27,0.755,3,45,0.982,0.693
,19,Texas Rangers,AL,162,1458,13098.0,5970,4366,1499,105,133,116,35,0.768,8,56,0.982,0.705
,20,Cleveland Indians,AL,162,1458,12897.0,6223,4299,1814,110,179,125,58,0.683,11,54,0.982,0.686
,21,Detroit Tigers,AL,162,1458,12999.0,6110,4333,1668,109,171,101,50,0.669,11,75,0.982,0.690
,22,Seattle Mariners,AL,162,1458,12942.0,6081,4314,1657,110,145,73,29,0.716,16,73,0.982,0.704
,23,Boston Red Sox,AL,162,1458,13110.0,6069,4370,1588,111,132,169,42,0.801,14,58,0.982,0.693
,24,Los Angeles Angels,AL,162,1458,13044.0,6023,4348,1562,113,116,133,41,0.764,16,80,0.981,0.694
,25,Kansas City Royals,AL,162,1458,12930.0,6019,4310,1588,121,138,137,55,0.714,11,55,0.980,0.677
,26,Atlanta Braves,NL,162,1458,12954.0,6214,4318,1770,126,166,102,44,0.699,6,42,0.980,0.693
,27,Florida Marlins,NL,162,1458,12945.0,5940,4315,1502,123,130,111,44,0.716,11,49,0.979,0.683
,28,Washington Nationals,NL,162,1458,12915.0,6089,4305,1657,127,148,79,35,0.693,5,33,0.979,0.683
,29,Chicago Cubs,NL,162,1458,12930.0,5986,4310,1550,126,137,114,31,0.786,6,46,0.979,0.680
,30,Pittsburgh Pirates,NL,162,1458,12705.0,6016,4235,1654,127,120,116,32,0.784,11,56,0.979,0.672
2009,1,Pittsburgh Pirates,NL,161,1449,12765.0,6094,4255,1766,73,171,107,43,0.713,13,52,0.988,0.691
,2,Toronto Blue Jays,AL,162,1458,13059.0,6169,4353,1740,76,168,89,46,0.659,13,43,0.988,0.682
,3,Minnesota Twins,AL,163,1467,13077.0,6000,4359,1565,76,135,107,32,0.770,16,43,0.987,0.690
,3,Philadelphia Phillies,NL,162,1458,13101.0,6000,4367,1557,76,132,95,37,0.720,10,28,0.987,0.694
,5,Houston Astros,NL,162,1458,12870.0,6087,4290,1719,78,161,65,29,0.691,11,43,0.987,0.676
,6,Los Angeles Dodgers,NL,162,1458,13260.0,6097,4420,1594,83,134,89,39,0.695,5,76,0.986,0.714
,7,Boston Red Sox,AL,162,1458,12930.0,5844,4310,1452,82,121,151,23,0.868,10,42,0.986,0.679
,8,Los Angeles Angels,AL,162,1458,13005.0,6043,4335,1623,85,174,128,39,0.766,11,67,0.986,0.688
,9,Colorado Rockies,NL,162,1458,12945.0,6167,4315,1765,87,146,115,27,0.810,6,48,0.986,0.689
,10,New York Yankees,AL,162,1458,13050.0,5929,4350,1493,86,131,125,52,0.706,11,66,0.985,0.696
,11,Detroit Tigers,AL,163,1467,13023.0,6045,4341,1616,88,164,88,50,0.638,15,48,0.985,0.695
,12,Cincinnati Reds,NL,162,1458,13125.0,6060,4375,1596,89,161,79,47,0.627,4,45,0.985,0.704
,13,San Francisco Giants,NL,162,1458,13014.0,5937,4338,1511,88,138,107,42,0.718,9,71,0.985,0.705
,14,Baltimore Orioles,AL,162,1458,12861.0,6040,4287,1663,90,151,119,33,0.783,8,31,0.985,0.682
,15,St. Louis Cardinals,NL,162,1458,12966.0,6273,4322,1855,96,167,44,28,0.611,5,43,0.985,0.694
,16,Atlanta Braves,NL,162,1458,13164.0,6198,4388,1714,96,159,97,46,0.678,12,40,0.985,0.685
,17,San Diego Padres,NL,162,1458,13056.0,6012,4352,1566,94,146,100,42,0.704,12,52,0.984,0.694
,18,Cleveland Indians,AL,162,1458,12906.0,6050,4302,1651,97,170,111,33,0.771,10,49,0.984,0.680
,19,New York Mets,NL,162,1458,12834.0,5932,4278,1557,97,134,66,34,0.660,7,41,0.984,0.692
,20,Milwaukee Brewers,NL,162,1458,12915.0,5993,4305,1590,98,149,82,21,0.796,6,61,0.984,0.688
,21,Tampa Bay Rays,AL,162,1458,12846.0,5891,4282,1511,98,135,90,28,0.763,7,46,0.983,0.695
,22,Oakland Athletics,AL,162,1458,13026.0,6039,4342,1592,105,155,92,38,0.708,5,43,0.983,0.682
,23,Chicago Cubs,NL,161,1449,13008.0,6014,4336,1573,105,144,89,43,0.674,5,60,0.983,0.701
,24,Seattle Mariners,AL,162,1458,13074.0,5988,4358,1525,105,150,67,44,0.604,16,61,0.982,0.712
,25,Texas Rangers,AL,162,1458,12912.0,6013,4304,1603,106,168,99,43,0.697,9,45,0.982,0.699
,26,Florida Marlins,NL,162,1458,13017.0,5914,4339,1469,106,129,129,42,0.754,8,59,0.982,0.684
,27,Chicago White Sox,AL,162,1458,12957.0,6101,4319,1669,113,158,132,42,0.759,8,55,0.981,0.689
,28,Kansas City Royals,AL,162,1458,12834.0,5963,4278,1569,116,159,114,39,0.745,14,89,0.981,0.674
,29,Arizona Diamondbacks,NL,162,1458,13029.0,6073,4343,1606,124,133,105,33,0.761,8,79,0.980,0.687
,30,Washington Nationals,NL,162,1458,12819.0,6158,4273,1742,143,155,89,38,0.701,9,74,0.977,0.685
2008,1,Houston Astros,NL,161,1449,12828.0,5939,4276,1596,67,142,47,21,0.691,8,22,0.989,0.698
,2,St. Louis Cardinals,NL,162,1458,13086.0,6264,4362,1817,85,156,49,26,0.653,7,50,0.986,0.695
,3,Toronto Blue Jays,AL,162,1458,13020.0,6123,4340,1699,84,137,86,37,0.699,6,51,0.986,0.703
,4,New York Mets,NL,162,1458,13179.0,6028,4393,1552,83,126,66,28,0.702,7,55,0.986,0.698
,5,New York Yankees,AL,162,1458,12975.0,5994,4325,1586,83,141,113,56,0.669,11,55,0.986,0.681
,6,San Diego Padres,NL,162,1458,13125.0,6086,4375,1626,85,149,168,38,0.816,11,43,0.986,0.695
,7,Boston Red Sox,AL,162,1458,13017.0,6021,4339,1597,85,149,96,32,0.750,18,43,0.986,0.698
,8,Philadelphia Phillies,NL,162,1458,13047.0,6137,4349,1698,90,142,109,34,0.762,5,34,0.985,0.694
,9,Los Angeles Angels,AL,162,1458,13062.0,6091,4354,1646,91,159,109,31,0.779,10,50,0.985,0.692
,10,Tampa Bay Rays,AL,162,1458,13119.0,5958,4373,1495,90,153,76,31,0.710,10,52,0.985,0.710
,11,Colorado Rockies,NL,162,1458,13014.0,6250,4338,1816,96,176,86,30,0.741,10,61,0.985,0.678
,12,Cleveland Indians,AL,162,1458,12933.0,6094,4311,1689,94,182,67,27,0.713,13,44,0.985,0.686
,13,Kansas City Royals,AL,162,1458,13011.0,5981,4337,1548,96,159,78,26,0.750,8,68,0.984,0.689
,14,Los Angeles Dodgers,NL,162,1458,13026.0,6238,4342,1795,101,138,82,26,0.759,9,47,0.984,0.690
,15,Seattle Mariners,AL,162,1458,12918.0,6059,4306,1654,99,160,92,37,0.713,14,60,0.984,0.681
,16,Milwaukee Brewers,NL,162,1458,13101.0,6166,4367,1698,101,160,71,45,0.612,5,53,0.984,0.698
,17,Oakland Athletics,AL,161,1449,12915.0,5976,4305,1573,98,169,70,41,0.631,8,30,0.984,0.699
,18,San Francisco Giants,NL,162,1458,12978.0,5815,4326,1393,96,129,99,41,0.707,8,77,0.983,0.685
,19,Baltimore Orioles,AL,161,1449,12798.0,6027,4266,1661,100,163,130,33,0.798,15,72,0.983,0.688
,20,Chicago Cubs,NL,161,1449,13056.0,5896,4352,1445,99,118,87,36,0.707,8,48,0.983,0.705
,21,Pittsburgh Pirates,NL,162,1458,13095.0,6302,4365,1830,107,179,104,46,0.693,13,64,0.983,0.674
,22,Atlanta Braves,NL,162,1458,12966.0,6220,4322,1791,107,149,113,35,0.764,14,42,0.983,0.693
,23,Chicago White Sox,AL,163,1467,13119.0,6211,4373,1730,108,155,139,30,0.822,6,54,0.983,0.686
,24,Minnesota Twins,AL,163,1467,13131.0,6167,4377,1682,108,168,69,34,0.670,4,45,0.982,0.686
,25,Detroit Tigers,AL,162,1458,13005.0,6082,4335,1634,113,172,69,36,0.657,16,65,0.981,0.684
,26,Arizona Diamondbacks,NL,162,1458,12912.0,5982,4304,1565,113,137,87,31,0.737,7,59,0.981,0.686
,27,Cincinnati Reds,NL,162,1458,12981.0,6008,4327,1567,114,156,95,40,0.704,17,52,0.981,0.673
,28,Florida Marlins,NL,161,1449,12918.0,5924,4306,1501,117,122,110,32,0.775,10,59,0.980,0.692
,29,Washington Nationals,NL,161,1449,12906.0,6003,4302,1578,123,143,118,38,0.756,12,59,0.980,0.688
,30,Texas Rangers,AL,162,1458,12978.0,6134,4326,1676,132,191,114,37,0.755,13,62,0.978,0.670
2007,1,Colorado Rockies,NL,163,1467,13248.0,6326,4416,1842,68,180,96,25,0.793,9,35,0.989,0.700
,2,Baltimore Orioles,AL,162,1458,12948.0,6085,4316,1690,79,155,109,32,0.773,19,55,0.987,0.687
,3,Pittsburgh Pirates,NL,162,1458,13029.0,6147,4343,1721,83,190,110,35,0.759,13,45,0.986,0.673
,4,Boston Red Sox,AL,162,1458,12948.0,5935,4316,1538,81,145,107,32,0.770,10,33,0.986,0.705
,5,Philadelphia Phillies,NL,162,1458,13125.0,6187,4375,1723,89,162,84,39,0.683,8,46,0.986,0.685
,6,San Francisco Giants,NL,162,1458,13083.0,6115,4361,1666,88,148,77,33,0.700,21,49,0.986,0.697
,7,San Diego Padres,NL,163,1467,13362.0,6312,4454,1766,92,147,189,20,0.904,9,42,0.985,0.700
,8,New York Yankees,AL,162,1458,13056.0,6028,4352,1588,88,174,136,44,0.756,16,59,0.985,0.688
,9,Oakland Athletics,AL,162,1458,13032.0,6121,4344,1687,90,153,101,26,0.795,16,52,0.985,0.692
,10,Seattle Mariners,AL,162,1458,12909.0,6049,4303,1656,90,167,69,45,0.605,8,59,0.985,0.672
,11,Cleveland Indians,AL,162,1458,13164.0,6177,4388,1697,92,167,93,46,0.669,8,42,0.985,0.684
,12,Chicago Cubs,NL,162,1458,13020.0,5969,4340,1535,94,134,116,24,0.829,16,42,0.984,0.704
,13,Minnesota Twins,AL,162,1458,12930.0,6016,4310,1611,95,151,65,41,0.613,6,46,0.984,0.685
,14,Cincinnati Reds,NL,162,1458,13047.0,5961,4349,1517,95,155,88,31,0.739,14,54,0.984,0.678
,15,Toronto Blue Jays,AL,162,1458,13038.0,6301,4346,1853,102,160,134,24,0.848,6,42,0.984,0.704
,16,Detroit Tigers,AL,162,1458,13026.0,6076,4342,1635,99,148,73,31,0.702,10,75,0.984,0.690
,17,Houston Astros,NL,162,1458,13182.0,6186,4394,1689,103,128,84,28,0.750,6,40,0.983,0.684
,18,New York Mets,NL,162,1458,13071.0,5976,4357,1518,101,124,105,29,0.784,5,36,0.983,0.700
,19,Los Angeles Angels,AL,162,1458,12915.0,5956,4305,1550,101,154,107,31,0.775,8,69,0.983,0.678
,20,Atlanta Braves,NL,162,1458,13107.0,6133,4369,1657,107,141,98,30,0.766,10,48,0.983,0.697
,21,Arizona Diamondbacks,NL,162,1458,12969.0,6064,4323,1635,106,157,88,42,0.677,15,48,0.983,0.692
,22,Kansas City Royals,AL,162,1458,12936.0,5971,4312,1553,106,160,70,26,0.729,5,56,0.982,0.682
,23,Chicago White Sox,AL,162,1458,12966.0,6034,4322,1604,108,168,98,23,0.810,20,45,0.982,0.680
,24,Washington Nationals,NL,162,1458,13020.0,6016,4340,1567,109,153,80,37,0.684,9,52,0.982,0.697
,25,Milwaukee Brewers,NL,162,1458,12999.0,5971,4333,1529,109,144,99,24,0.805,6,57,0.982,0.676
,26,Los Angeles Dodgers,NL,162,1458,13050.0,6115,4350,1651,114,160,96,46,0.676,5,44,0.981,0.683
,27,Tampa Bay Devil Rays,AL,162,1458,12867.0,5954,4289,1548,117,155,96,44,0.686,14,55,0.980,0.655
,28,St. Louis Cardinals,NL,162,1458,12921.0,6100,4307,1672,121,155,58,34,0.630,10,39,0.980,0.687
,29,Texas Rangers,AL,162,1436,12749.2,6139,4284,1732,123,179,98,47,0.676,14,66,0.980,0.679
,30,Florida Marlins,NL,162,1458,12993.0,5978,4331,1510,137,159,94,33,0.740,19,67,0.977,0.661
2006,1,Boston Red Sox,AL,162,1458,12972.0,6052,4324,1662,66,174,108,23,0.824,24,52,0.989,0.679
,2,Houston Astros,NL,162,1458,13218.0,6239,4406,1753,80,164,78,28,0.736,7,44,0.987,0.701
,3,Oakland Athletics,AL,162,1458,13065.0,6065,4355,1626,84,173,88,41,0.682,10,43,0.986,0.689
,4,Minnesota Twins,AL,162,1458,12954.0,6049,4318,1647,84,135,54,31,0.635,5,40,0.986,0.686
,5,Seattle Mariners,AL,162,1458,13020.0,6058,4340,1630,88,150,72,38,0.655,16,47,0.985,0.689
,6,Colorado Rockies,NL,162,1458,13026.0,6249,4342,1816,91,190,99,42,0.702,8,43,0.985,0.683
,7,Chicago White Sox,AL,162,1458,13041.0,6092,4347,1655,90,145,116,34,0.773,13,51,0.985,0.694
,8,San Diego Padres,NL,162,1458,13173.0,6079,4391,1596,92,139,150,26,0.852,11,34,0.985,0.713
,9,San Francisco Giants,NL,161,1449,12867.0,5961,4289,1581,91,132,98,40,0.710,5,50,0.985,0.700
,10,St. Louis Cardinals,NL,161,1449,12867.0,6169,4289,1782,98,170,63,32,0.663,8,35,0.984,0.697
,11,Texas Rangers,AL,162,1458,12882.0,6140,4294,1748,98,174,67,40,0.626,11,34,0.984,0.680
,12,Kansas City Royals,AL,162,1458,12837.0,6035,4279,1658,98,189,58,30,0.659,10,85,0.984,0.676
,13,Toronto Blue Jays,AL,162,1458,12855.0,6096,4285,1712,99,157,130,32,0.802,15,53,0.984,0.692
,14,Atlanta Braves,NL,162,1458,12972.0,6031,4324,1608,99,146,101,30,0.771,8,39,0.984,0.686
,15,Arizona Diamondbacks,NL,162,1458,13137.0,6259,4379,1776,104,172,90,45,0.667,11,53,0.983,0.685
,16,Pittsburgh Pirates,NL,162,1458,12915.0,6199,4305,1790,104,168,102,52,0.662,16,61,0.983,0.674
,17,Philadelphia Phillies,NL,162,1458,13143.0,6170,4381,1685,104,153,94,35,0.729,11,58,0.983,0.680
,18,New York Mets,NL,162,1458,13152.0,6126,4384,1638,104,131,111,40,0.735,10,37,0.983,0.703
,19,Detroit Tigers,AL,162,1458,13032.0,6230,4344,1780,106,162,49,35,0.583,6,44,0.983,0.701
,20,Baltimore Orioles,AL,162,1458,12771.0,5966,4257,1607,102,156,80,50,0.615,15,59,0.983,0.679
,21,New York Yankees,AL,162,1458,12993.0,6028,4331,1593,104,145,92,47,0.662,17,46,0.983,0.695
,22,Chicago Cubs,NL,162,1458,12951.0,5903,4317,1480,106,122,118,39,0.752,12,68,0.982,0.699
,23,Los Angeles Dodgers,NL,162,1458,13143.0,6293,4382,1796,115,174,110,38,0.743,7,54,0.982,0.681
,24,Tampa Bay Devil Rays,AL,162,1458,12783.0,5971,4261,1594,116,156,108,46,0.701,8,70,0.981,0.671
,25,Cleveland Indians,AL,162,1458,12810.0,6057,4270,1669,118,165,128,34,0.790,7,46,0.981,0.675
,26,Milwaukee Brewers,NL,162,1458,12831.0,5976,4277,1582,117,126,97,31,0.758,3,57,0.980,0.686
,27,Los Angeles Angels,AL,162,1458,13074.0,6027,4358,1545,124,154,77,40,0.658,8,85,0.979,0.690
,28,Florida Marlins,NL,162,1458,12900.0,6014,4300,1588,126,166,69,46,0.600,14,47,0.979,0.684
,29,Cincinnati Reds,NL,162,1458,13011.0,6064,4337,1599,128,139,50,35,0.588,9,40,0.979,0.682
,30,Washington Nationals,NL,162,1458,12927.0,5941,4309,1501,131,123,110,30,0.786,11,47,0.978,0.692
2005,1,Atlanta Braves,NL,162,1458,12993.0,6219,4331,1802,86,170,89,36,0.712,8,42,0.986,0.694
,2,Oakland Athletics,AL,162,1458,13053.0,6088,4351,1649,88,166,109,25,0.813,5,41,0.986,0.715
,3,Seattle Mariners,AL,162,1458,12849.0,5944,4283,1575,86,144,89,43,0.674,14,36,0.986,0.701
,4,Los Angeles Angels,AL,162,1458,13179.0,6001,4393,1521,87,139,68,42,0.618,13,70,0.986,0.701
,5,Houston Astros,NL,163,1467,12987.0,6118,4329,1700,89,146,53,31,0.631,6,38,0.985,0.706
,6,San Francisco Giants,NL,162,1458,12999.0,6053,4333,1630,90,146,78,54,0.591,5,38,0.985,0.699
,7,Philadelphia Phillies,NL,162,1458,12915.0,6003,4305,1608,90,132,82,26,0.759,12,36,0.985,0.704
,8,Arizona Diamondbacks,NL,162,1458,13107.0,6257,4369,1794,94,159,78,28,0.736,11,58,0.985,0.683
,9,Chicago White Sox,AL,162,1458,13281.0,6191,4427,1670,94,166,103,25,0.805,9,65,0.985,0.712
,10,Washington Nationals,NL,162,1458,13122.0,6014,4374,1548,92,156,76,41,0.650,7,49,0.985,0.698
,11,Toronto Blue Jays,AL,162,1458,13023.0,6193,4341,1757,95,154,100,35,0.741,6,39,0.985,0.700
,12,New York Yankees,AL,162,1458,12876.0,6075,4292,1688,95,151,125,50,0.714,11,37,0.984,0.688
,13,St. Louis Cardinals,NL,162,1458,13011.0,6388,4337,1951,100,196,32,33,0.492,12,41,0.984,0.702
,14,Minnesota Twins,AL,162,1458,13179.0,6259,4393,1764,102,171,44,36,0.550,9,35,0.984,0.702
,15,Chicago Cubs,NL,162,1458,12960.0,6079,4320,1658,101,136,90,40,0.692,6,57,0.983,0.699
,16,Florida Marlins,NL,162,1458,12981.0,6089,4327,1659,103,177,118,38,0.756,9,45,0.983,0.680
,17,Los Angeles Dodgers,NL,162,1458,12846.0,6115,4282,1727,106,141,130,34,0.793,9,36,0.983,0.700
,18,Cleveland Indians,AL,162,1458,13074.0,6110,4358,1646,106,156,103,33,0.757,6,26,0.983,0.709
,19,Cincinnati Reds,NL,163,1467,12897.0,5990,4299,1587,104,133,76,35,0.685,9,53,0.983,0.677
,20,New York Mets,NL,162,1458,12921.0,6070,4307,1657,106,146,107,25,0.811,5,32,0.983,0.700
,21,Baltimore Orioles,AL,162,1458,12849.0,6069,4283,1679,107,154,115,34,0.772,13,70,0.982,0.693
,22,Texas Rangers,AL,162,1458,12960.0,6106,4320,1678,108,149,69,26,0.726,11,44,0.982,0.681
,23,Detroit Tigers,AL,162,1458,12921.0,6208,4307,1791,110,171,60,49,0.550,4,53,0.982,0.697
,24,Boston Red Sox,AL,162,1458,12861.0,6019,4287,1623,109,135,87,29,0.750,13,56,0.982,0.684
,25,San Diego Padres,NL,162,1458,13098.0,6004,4366,1529,109,136,94,25,0.790,12,36,0.982,0.690
,26,Pittsburgh Pirates,NL,162,1458,12924.0,6228,4308,1803,117,193,64,36,0.640,16,53,0.981,0.694
,27,Colorado Rockies,NL,162,1458,12768.0,6080,4256,1706,118,158,102,37,0.734,14,65,0.981,0.671
,28,Milwaukee Brewers,NL,162,1458,12942.0,5915,4314,1482,119,139,86,34,0.717,8,66,0.980,0.696
,29,Kansas City Royals,AL,162,1458,12720.0,6011,4240,1646,125,163,70,44,0.614,5,69,0.979,0.666
,30,Tampa Bay Devil Rays,AL,162,1458,12795.0,5835,4265,1446,124,139,68,45,0.602,13,53,0.979,0.683
2004,1,Los Angeles Dodgers,NL,162,1458,13080.0,6099,4360,1666,73,145,96,40,0.706,15,43,0.988,0.714
,2,Philadelphia Phillies,NL,162,1458,13164.0,6098,4388,1629,81,142,103,26,0.798,7,40,0.987,0.704
,3,Chicago Cubs,NL,162,1458,13188.0,6061,4396,1579,86,126,108,39,0.735,9,50,0.986,0.696
,4,Colorado Rockies,NL,162,1458,12918.0,6218,4306,1823,89,161,111,32,0.776,15,66,0.986,0.680
,5,Florida Marlins,NL,162,1458,12951.0,6006,4317,1603,86,153,118,38,0.756,11,35,0.986,0.701
,6,Oakland Athletics,AL,162,1458,13242.0,6314,4414,1809,91,172,74,49,0.602,14,39,0.986,0.696
,7,Anaheim Angels,AL,162,1458,13089.0,5964,4363,1511,90,126,87,44,0.664,11,61,0.985,0.686
,8,Toronto Blue Jays,AL,161,1449,12789.0,5985,4263,1631,91,150,91,41,0.689,11,60,0.985,0.692
,9,St. Louis Cardinals,NL,162,1458,13083.0,6292,4361,1834,97,154,53,29,0.646,9,42,0.985,0.710
,10,Montreal Expos,NL,162,1458,13023.0,6139,4341,1699,99,172,58,41,0.586,7,43,0.984,0.695
,11,San Francisco Giants,NL,162,1458,13113.0,6209,4371,1737,101,153,72,24,0.750,11,52,0.984,0.694
,12,Minnesota Twins,AL,162,1458,13284.0,6187,4428,1658,101,158,73,44,0.624,6,45,0.984,0.686
,13,Chicago White Sox,AL,162,1458,12891.0,6064,4297,1667,100,167,90,48,0.652,14,43,0.984,0.694
,14,New York Yankees,AL,162,1458,12993.0,6001,4331,1571,99,148,90,32,0.738,13,57,0.984,0.687
,15,Houston Astros,NL,162,1458,12987.0,6050,4329,1620,101,136,101,39,0.721,4,45,0.983,0.686
,16,Pittsburgh Pirates,NL,161,1449,12852.0,6080,4284,1693,103,189,72,38,0.655,2,45,0.983,0.685
,17,Cleveland Indians,AL,162,1458,13200.0,6182,4400,1676,106,152,117,40,0.745,15,43,0.983,0.684
,18,Seattle Mariners,AL,162,1458,13134.0,5954,4378,1473,103,140,64,38,0.627,11,45,0.983,0.700
,19,Baltimore Orioles,AL,162,1458,13098.0,6159,4366,1683,110,161,82,39,0.678,15,68,0.982,0.685
,20,San Diego Padres,NL,162,1458,12969.0,6033,4323,1602,108,146,69,25,0.734,9,27,0.982,0.693
,21,Atlanta Braves,NL,162,1458,13050.0,6257,4350,1791,116,171,91,29,0.758,10,36,0.981,0.688
,22,Cincinnati Reds,NL,162,1458,12993.0,6085,4331,1641,113,123,67,29,0.698,17,74,0.981,0.688
,23,Boston Red Sox,AL,162,1458,13062.0,6122,4354,1650,118,129,123,31,0.799,21,39,0.981,0.692
,24,Texas Rangers,AL,162,1458,12957.0,6040,4319,1604,117,152,71,39,0.645,16,34,0.981,0.687
,25,Milwaukee Brewers,NL,161,1449,12978.0,6037,4326,1594,117,132,89,29,0.754,7,59,0.981,0.691
,26,Tampa Bay Devil Rays,AL,161,1449,12753.0,5900,4251,1530,119,139,67,32,0.677,8,55,0.980,0.700
,27,Kansas City Royals,AL,162,1458,12783.0,6027,4261,1635,131,169,84,35,0.706,17,60,0.978,0.675
,28,New York Mets,NL,162,1458,13041.0,6229,4347,1745,137,144,100,39,0.719,12,30,0.978,0.693
,29,Arizona Diamondbacks,NL,162,1458,12924.0,6163,4308,1716,139,144,97,50,0.660,18,71,0.977,0.681
,30,Detroit Tigers,AL,162,1458,12957.0,6175,4319,1712,144,160,71,41,0.634,10,71,0.977,0.684
2003,1,Seattle Mariners,AL,162,1458,12969.0,5838,4323,1450,65,159,62,32,0.660,12,35,0.989,0.720
,2,St. Louis Cardinals,NL,162,1458,13173.0,6112,4391,1644,77,138,55,24,0.696,7,53,0.987,0.700
,3,Florida Marlins,NL,162,1458,13008.0,6004,4336,1590,78,162,70,25,0.737,11,51,0.987,0.692
,4,San Francisco Giants,NL,161,1449,12936.0,6067,4312,1675,80,163,67,29,0.698,8,68,0.987,0.709
,5,Minnesota Twins,AL,162,1458,13158.0,5954,4386,1481,87,114,70,27,0.722,10,62,0.985,0.700
,6,Texas Rangers,AL,162,1458,12900.0,6097,4300,1703,94,168,96,45,0.681,11,51,0.985,0.675
,7,Houston Astros,NL,162,1458,13050.0,6155,4350,1710,95,149,86,48,0.642,4,40,0.985,0.704
,8,Chicago White Sox,AL,162,1458,12879.0,5974,4293,1588,93,154,58,29,0.667,13,39,0.984,0.705
,9,Philadelphia Phillies,NL,162,1458,12993.0,6122,4331,1694,97,146,112,24,0.824,16,53,0.984,0.703
,10,Montreal Expos,NL,162,1458,12939.0,6147,4313,1732,102,152,40,38,0.513,11,71,0.983,0.695
,11,San Diego Padres,NL,162,1458,12882.0,6030,4294,1634,102,141,95,25,0.792,15,64,0.983,0.696
,12,Baltimore Orioles,AL,163,1467,13047.0,6137,4349,1683,105,164,121,37,0.766,12,42,0.983,0.684
,13,Tampa Bay Devil Rays,AL,162,1458,12930.0,5993,4310,1580,103,158,65,41,0.613,9,65,0.983,0.708
,14,Chicago Cubs,NL,162,1458,13107.0,6156,4369,1681,106,157,70,42,0.625,12,63,0.983,0.692
,15,Oakland Athletics,AL,162,1458,12975.0,6211,4325,1779,107,145,91,43,0.679,9,41,0.983,0.712
,16,Arizona Diamondbacks,NL,162,1458,13095.0,6165,4365,1693,107,132,84,38,0.689,15,52,0.983,0.690
,17,Kansas City Royals,AL,162,1458,12948.0,6129,4316,1705,108,143,95,42,0.693,8,60,0.982,0.690
,18,Anaheim Angels,AL,162,1458,12882.0,5916,4294,1517,105,138,80,48,0.625,11,53,0.982,0.703
,19,Boston Red Sox,AL,162,1458,13182.0,6186,4394,1679,113,130,101,35,0.743,20,44,0.982,0.685
,20,Milwaukee Brewers,NL,162,1458,13068.0,6087,4356,1617,114,142,100,37,0.730,14,57,0.981,0.683
,21,New York Yankees,AL,163,1467,13158.0,6078,4386,1578,114,126,92,37,0.713,13,33,0.981,0.681
,22,Colorado Rockies,NL,162,1458,12780.0,6161,4260,1785,116,165,73,42,0.635,11,48,0.981,0.678
,23,Los Angeles Dodgers,NL,162,1458,13119.0,6302,4373,1810,119,164,117,75,0.609,8,50,0.981,0.703
,24,Toronto Blue Jays,AL,162,1458,12915.0,6164,4305,1742,117,161,126,32,0.797,10,56,0.981,0.681
,25,Atlanta Braves,NL,162,1458,13107.0,6374,4369,1884,121,166,91,34,0.728,7,53,0.981,0.698
,26,Pittsburgh Pirates,NL,162,1458,12999.0,6300,4333,1844,123,159,69,26,0.726,10,50,0.980,0.691
,27,New York Mets,NL,161,1449,12720.0,6013,4240,1655,118,158,98,52,0.653,5,45,0.980,0.688
,28,Cleveland Indians,AL,162,1458,13134.0,6284,4378,1780,126,178,84,43,0.661,11,49,0.980,0.699
,29,Detroit Tigers,AL,162,1458,12948.0,6267,4316,1813,138,194,128,54,0.703,11,52,0.978,0.685
,30,Cincinnati Reds,NL,162,1458,13017.0,6180,4339,1700,141,152,77,28,0.733,9,46,0.977,0.688
2002,1,Minnesota Twins,AL,161,1449,13002.0,5830,4334,1422,74,124,57,27,0.679,5,62,0.987,0.704
,2,Houston Astros,NL,162,1458,13005.0,6081,4335,1663,83,149,104,36,0.743,5,38,0.986,0.687
,3,Philadelphia Phillies,NL,161,1449,13047.0,6137,4349,1700,88,156,74,34,0.685,12,68,0.986,0.706
,4,Anaheim Angels,AL,162,1458,13071.0,6019,4357,1575,87,151,78,51,0.605,7,52,0.986,0.719
,5,Los Angeles Dodgers,NL,162,1458,13119.0,6149,4373,1686,90,134,110,53,0.675,12,33,0.985,0.717
,6,Baltimore Orioles,AL,162,1458,13056.0,6163,4352,1720,91,173,103,44,0.701,22,54,0.985,0.703
,7,Seattle Mariners,AL,162,1457,13008.0,5939,4336,1515,88,134,66,35,0.653,7,42,0.985,0.704
,8,San Francisco Giants,NL,162,1458,12936.0,6032,4312,1630,90,166,87,36,0.707,7,36,0.985,0.707
,9,Arizona Diamondbacks,NL,162,1458,13020.0,5935,4340,1506,89,117,77,43,0.642,13,48,0.985,0.696
,10,Texas Rangers,AL,162,1458,12957.0,6101,4319,1683,99,152,74,28,0.725,11,84,0.984,0.689
,11,Chicago White Sox,AL,162,1458,12807.0,5961,4269,1595,97,157,99,38,0.723,9,54,0.984,0.706
,12,Oakland Athletics,AL,162,1458,13068.0,6256,4356,1798,102,144,68,46,0.596,9,40,0.984,0.703
,13,St. Louis Cardinals,NL,162,1458,13017.0,6116,4339,1674,103,168,86,34,0.717,9,40,0.983,0.711
,14,Milwaukee Brewers,NL,162,1458,12891.0,6033,4297,1633,103,154,109,49,0.690,12,64,0.983,0.697
,15,Boston Red Sox,AL,162,1458,13014.0,6087,4338,1645,104,140,118,50,0.702,20,31,0.983,0.703
,16,Florida Marlins,NL,162,1458,13107.0,6111,4369,1636,106,163,93,61,0.604,6,55,0.983,0.691
,17,Toronto Blue Jays,AL,162,1457,12945.0,6035,4315,1613,107,159,107,41,0.723,18,57,0.982,0.692
,18,Atlanta Braves,NL,161,1449,13206.0,6338,4402,1822,114,170,96,55,0.636,12,40,0.982,0.713
,19,Colorado Rockies,NL,162,1458,12840.0,6093,4280,1701,112,158,87,23,0.791,12,42,0.982,0.693
,20,Pittsburgh Pirates,NL,161,1449,12714.0,6252,4238,1899,115,177,94,44,0.681,12,34,0.982,0.693
,21,Cleveland Indians,AL,162,1457,12822.0,6049,4274,1662,113,161,126,59,0.681,15,52,0.981,0.675
,22,Cincinnati Reds,NL,162,1458,13083.0,6254,4361,1773,120,169,67,42,0.615,28,52,0.981,0.692
,23,Chicago Cubs,NL,162,1458,12972.0,5938,4324,1500,114,144,112,54,0.675,15,44,0.981,0.685
,24,San Diego Padres,NL,162,1458,12927.0,6118,4309,1681,128,162,76,40,0.655,14,51,0.979,0.677
,25,Tampa Bay Devil Rays,AL,161,1449,12963.0,6014,4321,1567,126,168,92,53,0.634,13,62,0.979,0.687
,26,Kansas City Royals,AL,162,1458,12969.0,6155,4323,1702,130,153,90,36,0.714,8,68,0.979,0.689
,27,New York Yankees,AL,161,1449,13068.0,6007,4356,1524,127,117,92,39,0.702,10,59,0.979,0.689
,28,Montreal Expos,NL,162,1458,13077.0,6297,4359,1799,139,160,85,44,0.659,12,51,0.978,0.685
,29,Detroit Tigers,AL,161,1449,12726.0,6103,4242,1719,142,148,72,34,0.679,23,59,0.977,0.681
,30,New York Mets,NL,161,1449,12984.0,6100,4328,1628,144,138,151,53,0.740,11,22,0.976,0.694
2001,1,Seattle Mariners,AL,162,1458,13185.0,6012,4395,1534,83,137,73,29,0.716,6,40,0.986,0.727
,2,Arizona Diamondbacks,NL,162,1458,13137.0,6022,4379,1559,84,148,107,55,0.660,12,45,0.986,0.702
,3,Philadelphia Phillies,NL,162,1458,13008.0,6030,4336,1603,91,145,57,32,0.640,9,40,0.985,0.701
,4,Toronto Blue Jays,AL,162,1458,13164.0,6317,4388,1832,97,184,112,47,0.704,10,33,0.985,0.682
,5,Colorado Rockies,NL,162,1458,12870.0,6081,4290,1695,96,167,100,36,0.735,14,38,0.984,0.692
,6,Milwaukee Brewers,NL,162,1457,12927.0,6141,4309,1729,103,156,93,47,0.664,11,58,0.983,0.698
,7,New York Mets,NL,162,1457,13011.0,6014,4337,1576,101,132,131,40,0.766,11,53,0.983,0.695
,8,Anaheim Angels,AL,162,1458,12939.0,6106,4313,1690,103,142,109,59,0.649,16,46,0.983,0.697
,9,Florida Marlins,NL,162,1458,12942.0,6084,4314,1667,103,174,75,51,0.595,10,40,0.983,0.692
,10,Atlanta Braves,NL,162,1457,13026.0,6081,4342,1636,103,133,102,50,0.671,9,41,0.983,0.701
,11,Cleveland Indians,AL,162,1456,13020.0,6058,4340,1611,107,137,128,60,0.681,12,58,0.982,0.672
,12,Houston Astros,NL,162,1458,13092.0,6136,4364,1662,110,138,66,49,0.574,4,42,0.982,0.691
,13,Montreal Expos,NL,162,1456,12882.0,6023,4294,1621,108,139,128,33,0.795,12,55,0.982,0.684
,14,Minnesota Twins,AL,162,1458,12972.0,5974,4324,1542,108,118,73,43,0.629,4,58,0.982,0.700
,15,St. Louis Cardinals,NL,162,1457,12918.0,6080,4306,1664,110,156,51,37,0.580,7,45,0.982,0.703
,16,New York Yankees,AL,161,1448,13062.0,5992,4354,1529,109,132,146,45,0.764,21,54,0.982,0.682
,17,Chicago Cubs,NL,162,1458,12933.0,5913,4311,1493,109,113,106,46,0.697,13,48,0.982,0.690
,18,Kansas City Royals,AL,162,1458,12960.0,6238,4320,1801,117,204,105,45,0.700,10,73,0.981,0.691
,19,Boston Red Sox,AL,161,1449,13032.0,6015,4344,1558,113,129,223,51,0.814,23,54,0.981,0.684
,20,Texas Rangers,AL,162,1457,12945.0,6067,4315,1638,114,167,79,66,0.545,2,70,0.981,0.672
,21,Los Angeles Dodgers,NL,162,1458,13056.0,6054,4352,1586,116,138,82,51,0.617,9,44,0.981,0.697
,22,San Francisco Giants,NL,162,1458,13170.0,6158,4390,1650,118,170,86,45,0.656,8,50,0.981,0.693
,23,Chicago White Sox,AL,162,1458,12900.0,6149,4300,1731,118,149,107,40,0.728,13,57,0.981,0.700
,24,Oakland Athletics,AL,162,1458,13170.0,6271,4390,1756,125,151,124,55,0.693,4,42,0.980,0.702
,25,Baltimore Orioles,AL,162,1456,12891.0,6021,4297,1599,125,137,157,51,0.755,15,37,0.979,0.694
,26,Detroit Tigers,AL,162,1457,12864.0,6194,4288,1775,131,164,104,50,0.675,30,40,0.979,0.676
,27,Pittsburgh Pirates,NL,162,1456,12747.0,6181,4249,1799,133,168,97,37,0.724,9,49,0.978,0.689
,28,Cincinnati Reds,NL,162,1458,12984.0,6199,4328,1733,138,136,75,62,0.547,21,53,0.978,0.684
,29,Tampa Bay Devil Rays,AL,162,1458,12813.0,5943,4271,1533,139,144,113,44,0.720,8,75,0.977,0.685
,30,San Diego Padres,NL,162,1458,12966.0,6074,4322,1607,145,127,94,52,0.644,15,46,0.976,0.686
2000,1,Cleveland Indians,AL,162,1458,12981.0,6065,4326,1667,72,147,109,42,0.722,10,50,0.988,0.680
,2,San Francisco Giants,NL,162,1458,12999.0,6067,4333,1641,93,173,97,46,0.678,15,43,0.985,0.691
,3,Colorado Rockies,NL,162,1458,12870.0,6114,4291,1729,94,176,102,34,0.750,15,40,0.985,0.684
,4,Seattle Mariners,AL,162,1458,12975.0,6054,4326,1629,99,176,82,38,0.683,7,43,0.984,0.699
,5,Toronto Blue Jays,AL,162,1458,12936.0,6089,4311,1678,100,175,99,37,0.728,11,37,0.984,0.677
,6,Chicago Cubs,NL,162,1458,13092.0,6041,4364,1577,100,139,94,52,0.644,6,45,0.983,0.694
,7,Kansas City Royals,AL,162,1458,12954.0,6160,4318,1740,102,185,118,38,0.756,7,77,0.983,0.691
,8,Detroit Tigers,AL,162,1457,12990.0,6188,4330,1753,105,171,55,42,0.567,7,51,0.983,0.679
,9,Philadelphia Phillies,NL,162,1458,12948.0,5892,4315,1477,100,136,77,43,0.642,4,54,0.983,0.695
,10,Minnesota Twins,AL,162,1458,12894.0,5926,4298,1526,102,155,64,32,0.667,13,68,0.983,0.673
,11,Boston Red Sox,AL,162,1456,13074.0,6115,4358,1648,109,120,159,47,0.772,27,32,0.982,0.696
,12,Arizona Diamondbacks,NL,162,1458,12993.0,5975,4331,1537,107,138,102,54,0.654,4,30,0.982,0.688
,13,Cincinnati Reds,NL,163,1467,13107.0,6121,4370,1640,111,156,81,33,0.711,12,94,0.982,0.704
,14,New York Yankees,AL,161,1449,12819.0,5863,4272,1482,109,132,91,37,0.711,13,49,0.981,0.693
,15,St. Louis Cardinals,NL,162,1452,12903.0,5932,4300,1521,111,148,69,66,0.511,8,49,0.981,0.700
,16,Milwaukee Brewers,NL,163,1467,13197.0,6260,4397,1745,118,187,86,58,0.597,12,60,0.981,0.693
,17,Tampa Bay Devil Rays,AL,161,1449,12882.0,6225,4294,1813,118,169,114,42,0.731,14,57,0.981,0.685
,18,Baltimore Orioles,AL,162,1458,12900.0,5988,4300,1572,116,151,104,31,0.770,6,51,0.981,0.684
,19,New York Mets,NL,162,1458,13050.0,6047,4348,1581,118,121,133,45,0.747,8,34,0.980,0.695
,20,Florida Marlins,NL,161,1449,12867.0,6115,4288,1702,125,144,104,52,0.667,12,49,0.980,0.685
,21,Atlanta Braves,NL,162,1458,12963.0,6178,4321,1728,129,138,99,33,0.750,9,23,0.979,0.693
,22,Pittsburgh Pirates,NL,162,1458,13041.0,6300,4342,1826,132,169,101,42,0.706,12,67,0.979,0.673
,23,Anaheim Angels,AL,162,1458,13032.0,6219,4345,1740,134,182,101,56,0.643,6,47,0.978,0.697
,24,Chicago White Sox,AL,162,1458,13053.0,6166,4350,1683,133,190,79,54,0.594,13,42,0.978,0.682
,25,Montreal Expos,NL,162,1456,12822.0,6106,4273,1701,132,151,123,37,0.769,20,54,0.978,0.674
,26,Oakland Athletics,AL,161,1449,12918.0,6165,4306,1725,134,164,92,39,0.702,8,46,0.978,0.682
,27,Los Angeles Dodgers,NL,162,1458,13005.0,6182,4333,1714,135,151,106,52,0.671,15,60,0.978,0.697
,28,Houston Astros,NL,162,1456,12939.0,6003,4313,1557,133,149,111,32,0.776,6,55,0.978,0.678
,29,Texas Rangers,AL,162,1457,12861.0,6011,4287,1589,135,162,65,36,0.644,8,41,0.978,0.668
,30,San Diego Padres,NL,162,1458,13134.0,6185,4376,1668,141,155,106,48,0.688,13,66,0.977,0.695