Year,RK,Team,League,G,AB,R,H,2B,3B,HR,RBI,BB,SO,SB,CS,AVGâ–¼,OBP,SLG,OPS
2018,1,Boston Red Sox,AL,162,5623,876,1509,355,31,208,829,569,1253,125,31,0.268,0.339,0.453,0.792
,2,Cleveland Indians,AL,162,5595,818,1447,297,19,216,786,554,1189,135,36,0.259,0.332,0.434,0.766
,3,Tampa Bay Rays,AL,162,5475,716,1415,274,43,150,664,540,1388,128,51,0.258,0.333,0.406,0.740
,4,Chicago Cubs,NL,163,5624,761,1453,286,34,167,722,576,1388,66,38,0.258,0.333,0.410,0.744
,5,Atlanta Braves,NL,162,5582,759,1433,314,29,175,717,511,1290,90,36,0.257,0.324,0.417,0.742
,6,Colorado Rockies,NL,163,5541,780,1418,280,42,210,748,507,1397,95,33,0.256,0.322,0.435,0.757
,7,Houston Astros,AL,162,5453,797,1390,278,18,205,763,565,1197,71,26,0.255,0.329,0.425,0.754
,8,Seattle Mariners,AL,162,5513,677,1402,256,32,176,644,430,1221,79,37,0.254,0.314,0.408,0.722
,9,Washington Nationals,NL,162,5517,771,1402,284,25,191,737,631,1289,119,33,0.254,0.335,0.419,0.753
,10,Cincinnati Reds,NL,162,5532,696,1404,251,25,172,665,559,1376,77,33,0.254,0.328,0.401,0.729
,11,Pittsburgh Pirates,NL,161,5447,692,1381,290,38,157,665,474,1229,70,38,0.254,0.317,0.407,0.725
,12,Milwaukee Brewers,NL,163,5542,754,1398,252,24,218,711,537,1458,124,32,0.252,0.323,0.424,0.747
,13,Oakland Athletics,AL,162,5579,813,1407,322,20,227,778,550,1381,35,21,0.252,0.325,0.439,0.764
,14,Los Angeles Dodgers,NL,163,5572,804,1394,296,33,235,756,647,1436,75,24,0.250,0.333,0.442,0.774
,15,Minnesota Twins,AL,162,5526,738,1379,317,22,166,704,534,1328,47,27,0.250,0.318,0.405,0.723
,16,New York Yankees,AL,162,5515,851,1374,269,23,267,821,625,1421,63,21,0.249,0.329,0.451,0.781
,17,St. Louis Cardinals,NL,162,5498,759,1369,248,9,205,725,525,1380,63,32,0.249,0.321,0.409,0.730
,18,Kansas City Royals,AL,162,5505,638,1350,283,29,155,606,427,1310,117,38,0.245,0.305,0.392,0.697
,19,Toronto Blue Jays,AL,162,5477,709,1336,320,16,217,680,499,1387,47,30,0.244,0.312,0.427,0.739
,20,Los Angeles Angels,AL,162,5472,721,1323,249,23,214,690,514,1300,89,22,0.242,0.313,0.413,0.726
,21,Detroit Tigers,AL,162,5494,630,1326,284,35,135,597,428,1341,70,30,0.241,0.300,0.380,0.680
,22,Chicago White Sox,AL,162,5523,656,1332,259,40,182,639,425,1594,98,41,0.241,0.302,0.401,0.703
,23,Texas Rangers,AL,162,5453,737,1308,266,24,194,696,555,1484,74,35,0.240,0.318,0.404,0.722
,24,Baltimore Orioles,AL,162,5507,622,1317,242,15,188,593,422,1412,81,22,0.239,0.298,0.391,0.689
,25,San Francisco Giants,NL,162,5541,603,1324,255,30,133,573,448,1467,77,34,0.239,0.300,0.368,0.667
,26,Miami Marlins,NL,161,5488,589,1303,222,24,128,554,455,1384,45,31,0.237,0.303,0.357,0.659
,27,Arizona Diamondbacks,NL,162,5460,693,1283,259,50,176,658,560,1460,79,25,0.235,0.310,0.397,0.707
,28,San Diego Padres,NL,162,5486,617,1289,250,30,162,583,471,1523,95,36,0.235,0.297,0.380,0.677
,29,New York Mets,NL,162,5468,676,1282,265,34,170,649,566,1404,71,39,0.234,0.312,0.389,0.701
,30,Philadelphia Phillies,NL,162,5424,677,1270,241,30,186,653,582,1520,69,26,0.234,0.314,0.393,0.707
2017,1,Houston Astros,AL,162,5611,896,1581,346,20,238,854,509,1087,98,42,0.282,0.346,0.478,0.823
,2,Colorado Rockies,NL,162,5534,824,1510,293,38,192,793,519,1408,59,34,0.273,0.338,0.444,0.781
,3,Miami Marlins,NL,162,5602,778,1497,271,31,194,743,486,1282,91,30,0.267,0.331,0.431,0.761
,4,Washington Nationals,NL,162,5553,819,1477,311,31,215,796,542,1327,108,30,0.266,0.332,0.449,0.782
,5,Cleveland Indians,AL,162,5511,818,1449,333,29,212,780,604,1153,88,23,0.263,0.339,0.449,0.788
,6,Atlanta Braves,NL,162,5584,732,1467,289,26,165,706,474,1184,77,31,0.263,0.326,0.412,0.738
,7,New York Yankees,AL,162,5594,858,1463,266,23,241,821,616,1386,90,22,0.262,0.339,0.447,0.785
,8,Baltimore Orioles,AL,162,5650,743,1469,269,12,232,713,392,1412,32,13,0.260,0.312,0.435,0.747
,9,Minnesota Twins,AL,162,5557,815,1444,286,31,206,781,593,1342,95,28,0.260,0.334,0.434,0.768
,10,Kansas City Royals,AL,162,5536,702,1436,260,24,193,660,390,1166,91,31,0.259,0.311,0.420,0.731
,11,Seattle Mariners,AL,162,5551,750,1436,281,17,200,714,487,1267,89,35,0.259,0.325,0.424,0.749
,12,Detroit Tigers,AL,162,5556,735,1435,289,35,187,699,503,1313,65,34,0.258,0.324,0.424,0.748
,13,Boston Red Sox,AL,162,5669,785,1461,302,19,168,735,571,1224,106,31,0.258,0.329,0.407,0.736
,14,St. Louis Cardinals,NL,162,5470,761,1402,284,28,196,728,593,1348,81,31,0.256,0.334,0.426,0.760
,15,Chicago White Sox,AL,162,5513,706,1412,256,37,186,670,401,1397,71,31,0.256,0.314,0.417,0.731
,16,Chicago Cubs,NL,162,5496,822,1402,274,29,223,785,622,1401,62,31,0.255,0.338,0.437,0.775
,17,Arizona Diamondbacks,NL,162,5525,812,1405,314,39,220,776,578,1456,103,30,0.254,0.329,0.445,0.774
,18,Cincinnati Reds,NL,162,5484,753,1390,249,38,219,715,565,1329,120,39,0.253,0.329,0.433,0.761
,19,New York Mets,NL,162,5510,735,1379,286,28,224,713,529,1291,58,23,0.250,0.320,0.434,0.755
,20,Philadelphia Phillies,NL,162,5535,690,1382,287,36,174,654,494,1417,59,25,0.250,0.315,0.409,0.723
,21,Milwaukee Brewers,NL,162,5467,732,1363,267,22,224,695,547,1571,128,41,0.249,0.322,0.429,0.751
,22,Los Angeles Dodgers,NL,162,5408,770,1347,312,20,221,730,649,1380,77,28,0.249,0.334,0.437,0.771
,23,San Francisco Giants,NL,162,5551,639,1382,290,28,128,612,467,1204,76,34,0.249,0.309,0.380,0.689
,24,Oakland Athletics,AL,162,5464,739,1344,305,15,234,708,565,1491,57,22,0.246,0.319,0.436,0.755
,25,Tampa Bay Rays,AL,162,5478,694,1340,226,32,228,671,545,1538,88,34,0.245,0.317,0.422,0.739
,26,Texas Rangers,AL,162,5430,799,1326,255,21,237,756,544,1493,113,44,0.244,0.320,0.430,0.750
,27,Pittsburgh Pirates,NL,162,5458,668,1331,249,36,151,635,519,1213,67,36,0.244,0.318,0.386,0.704
,28,Los Angeles Angels,AL,162,5415,710,1314,251,14,186,678,523,1198,136,44,0.243,0.315,0.397,0.712
,29,Toronto Blue Jays,AL,162,5499,693,1320,269,5,222,661,542,1327,53,24,0.240,0.312,0.412,0.724
,30,San Diego Padres,NL,162,5356,604,1251,227,31,189,576,460,1499,89,33,0.234,0.299,0.393,0.692
2016,1,Boston Red Sox,AL,162,5670,878,1598,343,25,208,836,558,1160,83,24,0.282,0.348,0.461,0.810
,2,Colorado Rockies,NL,162,5614,845,1544,318,47,204,805,494,1330,66,39,0.275,0.336,0.457,0.794
,3,Detroit Tigers,AL,161,5526,750,1476,252,30,211,719,493,1303,58,29,0.267,0.331,0.438,0.769
,4,Miami Marlins,NL,161,5547,655,1460,259,42,128,626,447,1213,71,28,0.263,0.322,0.394,0.716
,5,Texas Rangers,AL,162,5525,765,1446,257,23,215,746,436,1220,99,36,0.262,0.322,0.433,0.755
,6,Cleveland Indians,AL,161,5484,777,1435,308,29,185,733,531,1246,134,31,0.262,0.329,0.430,0.759
,7,Kansas City Royals,AL,162,5552,675,1450,264,33,147,640,382,1224,121,35,0.261,0.312,0.400,0.712
,8,Arizona Diamondbacks,NL,162,5665,752,1479,285,56,190,709,463,1427,137,31,0.261,0.320,0.432,0.752
,9,Los Angeles Angels,AL,162,5431,717,1410,279,20,156,686,471,991,73,34,0.260,0.322,0.405,0.726
,10,Seattle Mariners,AL,162,5583,768,1446,251,17,223,735,506,1288,56,28,0.259,0.326,0.430,0.756
,11,San Francisco Giants,NL,162,5565,715,1437,280,54,130,675,572,1107,79,36,0.258,0.329,0.398,0.728
,12,Pittsburgh Pirates,NL,162,5542,729,1426,277,32,153,696,561,1334,110,45,0.257,0.332,0.402,0.734
,13,Chicago White Sox,AL,162,5550,686,1428,277,33,168,656,455,1285,77,36,0.257,0.317,0.410,0.727
,14,Chicago Cubs,NL,162,5503,808,1409,293,30,199,767,656,1339,66,34,0.256,0.343,0.429,0.772
,15,Baltimore Orioles,AL,162,5524,744,1413,265,6,253,710,468,1324,19,13,0.256,0.317,0.443,0.760
,16,Cincinnati Reds,NL,162,5487,716,1403,277,33,164,678,452,1284,139,51,0.256,0.316,0.408,0.724
,17,Washington Nationals,NL,162,5490,763,1403,268,29,203,735,536,1252,121,39,0.256,0.326,0.426,0.751
,18,St. Louis Cardinals,NL,162,5548,779,1415,299,32,225,745,526,1318,35,26,0.255,0.325,0.442,0.767
,19,Atlanta Braves,NL,161,5514,649,1404,295,27,122,615,502,1240,75,34,0.255,0.321,0.384,0.705
,20,New York Yankees,AL,162,5458,680,1378,245,20,183,647,475,1188,72,22,0.252,0.315,0.405,0.720
,21,Minnesota Twins,AL,162,5618,722,1409,288,35,200,690,513,1426,91,32,0.251,0.316,0.421,0.738
,22,Los Angeles Dodgers,NL,162,5518,725,1376,272,21,189,680,525,1321,45,26,0.249,0.319,0.409,0.728
,23,Toronto Blue Jays,AL,162,5479,759,1358,276,18,221,728,632,1362,54,24,0.248,0.330,0.426,0.755
,24,Houston Astros,AL,162,5545,724,1367,291,29,198,689,554,1452,102,44,0.247,0.319,0.417,0.735
,25,New York Mets,NL,162,5459,671,1342,240,19,218,649,517,1302,42,18,0.246,0.316,0.417,0.733
,26,Oakland Athletics,AL,162,5500,653,1352,270,21,169,634,442,1145,50,23,0.246,0.304,0.395,0.699
,27,Milwaukee Brewers,NL,162,5330,671,1299,249,19,194,641,599,1543,181,56,0.244,0.322,0.407,0.729
,28,Tampa Bay Rays,AL,162,5481,672,1333,288,32,216,647,449,1482,60,37,0.243,0.307,0.426,0.733
,29,Philadelphia Phillies,NL,162,5434,610,1305,231,35,161,574,424,1376,96,45,0.240,0.301,0.384,0.685
,30,San Diego Padres,NL,162,5419,686,1275,257,26,177,654,449,1500,125,45,0.235,0.299,0.390,0.689
2015,1,Detroit Tigers,AL,161,5605,689,1515,289,49,151,660,455,1259,83,51,0.270,0.328,0.420,0.748
,2,Toronto Blue Jays,AL,162,5509,891,1480,308,17,232,852,570,1151,88,23,0.269,0.340,0.457,0.797
,3,Kansas City Royals,AL,162,5575,724,1497,300,42,139,689,383,973,104,34,0.269,0.322,0.412,0.734
,4,San Francisco Giants,NL,162,5565,696,1486,288,39,136,663,457,1159,93,36,0.267,0.326,0.406,0.732
,5,Colorado Rockies,NL,162,5572,737,1479,274,49,186,702,388,1283,97,43,0.265,0.315,0.432,0.748
,6,Boston Red Sox,AL,162,5640,748,1495,294,33,161,706,478,1148,71,27,0.265,0.325,0.415,0.740
,7,Arizona Diamondbacks,NL,162,5649,720,1494,289,48,154,680,490,1312,132,44,0.264,0.324,0.414,0.738
,8,Miami Marlins,NL,162,5463,613,1420,236,40,120,575,375,1150,112,45,0.260,0.310,0.384,0.694
,9,Pittsburgh Pirates,NL,162,5631,697,1462,292,27,140,661,461,1322,98,45,0.260,0.323,0.396,0.719
,10,Texas Rangers,AL,162,5511,751,1419,279,32,172,707,503,1233,101,39,0.257,0.325,0.413,0.739
,11,Cleveland Indians,AL,161,5439,669,1395,303,29,141,640,533,1157,86,28,0.256,0.325,0.401,0.725
,12,St. Louis Cardinals,NL,162,5484,647,1386,288,39,137,619,506,1267,69,38,0.253,0.321,0.394,0.716
,13,Tampa Bay Rays,AL,162,5485,644,1383,278,32,167,612,436,1310,87,45,0.252,0.314,0.406,0.720
,14,Milwaukee Brewers,NL,162,5480,655,1378,274,34,145,624,412,1299,84,29,0.251,0.307,0.393,0.700
,15,Atlanta Braves,NL,162,5420,573,1361,251,18,100,548,471,1107,69,33,0.251,0.314,0.359,0.674
,16,Washington Nationals,NL,162,5428,703,1363,265,13,177,665,539,1344,57,23,0.251,0.321,0.403,0.724
,17,New York Yankees,AL,162,5567,764,1397,272,19,212,737,554,1227,63,25,0.251,0.323,0.421,0.744
,18,Oakland Athletics,AL,162,5600,694,1405,277,46,146,661,475,1119,78,29,0.251,0.312,0.395,0.707
,19,Los Angeles Dodgers,NL,162,5385,667,1346,263,26,187,638,563,1258,59,34,0.250,0.326,0.413,0.739
,20,Baltimore Orioles,AL,162,5485,713,1370,246,20,217,686,418,1331,44,25,0.250,0.307,0.421,0.728
,21,Houston Astros,AL,162,5459,729,1363,278,26,230,691,486,1392,121,48,0.250,0.315,0.437,0.752
,22,Chicago White Sox,AL,162,5533,622,1381,260,27,136,595,404,1231,68,42,0.250,0.306,0.380,0.686
,23,Seattle Mariners,AL,162,5544,656,1379,262,22,198,624,478,1336,69,45,0.249,0.311,0.411,0.722
,24,Philadelphia Phillies,NL,162,5529,626,1374,272,37,130,586,387,1274,88,32,0.249,0.303,0.382,0.684
,25,Cincinnati Reds,NL,162,5571,640,1382,257,27,167,613,496,1255,134,38,0.248,0.312,0.394,0.706
,26,Minnesota Twins,AL,162,5467,696,1349,277,44,156,661,439,1264,70,38,0.247,0.305,0.399,0.704
,27,Los Angeles Angels,AL,162,5417,661,1331,243,21,176,621,435,1150,52,34,0.246,0.307,0.396,0.702
,28,New York Mets,NL,162,5527,683,1351,295,17,177,654,488,1290,51,25,0.244,0.312,0.400,0.712
,29,Chicago Cubs,NL,162,5491,689,1341,272,30,171,657,567,1518,95,37,0.244,0.321,0.398,0.719
,30,San Diego Padres,NL,162,5457,650,1324,260,36,148,623,426,1327,82,29,0.243,0.300,0.385,0.685
2014,1,Detroit Tigers,AL,162,5630,757,1557,325,26,155,731,443,1144,106,41,0.277,0.331,0.426,0.757
,2,Colorado Rockies,NL,162,5612,755,1551,307,41,186,721,397,1281,85,48,0.276,0.327,0.445,0.772
,3,Los Angeles Dodgers,NL,162,5560,718,1476,302,38,134,686,519,1246,138,50,0.265,0.333,0.406,0.738
,4,Kansas City Royals,AL,162,5545,651,1456,286,29,95,604,380,985,153,36,0.263,0.314,0.376,0.690
,5,Pittsburgh Pirates,NL,162,5536,682,1436,275,30,156,659,520,1244,104,47,0.259,0.330,0.404,0.734
,6,Los Angeles Angels,AL,162,5652,773,1464,304,31,155,729,492,1266,81,39,0.259,0.322,0.406,0.728
,7,Toronto Blue Jays,AL,162,5549,723,1435,282,24,177,690,502,1151,78,21,0.259,0.323,0.414,0.736
,8,Texas Rangers,AL,162,5460,637,1400,260,28,111,597,417,1162,105,59,0.256,0.314,0.375,0.689
,9,Baltimore Orioles,AL,162,5596,705,1434,264,16,211,681,401,1285,44,20,0.256,0.311,0.422,0.734
,10,San Francisco Giants,NL,162,5523,665,1407,257,42,132,636,427,1245,56,27,0.255,0.311,0.388,0.699
,11,Minnesota Twins,AL,162,5567,715,1412,316,27,128,675,544,1329,99,36,0.254,0.324,0.389,0.713
,12,Washington Nationals,NL,162,5542,686,1403,265,27,152,635,517,1304,101,23,0.253,0.321,0.393,0.714
,13,Cleveland Indians,AL,162,5575,669,1411,284,23,142,644,504,1189,104,27,0.253,0.317,0.389,0.706
,14,St. Louis Cardinals,NL,162,5426,619,1371,275,21,105,585,471,1133,57,32,0.253,0.320,0.369,0.689
,15,Miami Marlins,NL,162,5538,645,1399,254,36,122,614,501,1419,58,21,0.253,0.317,0.378,0.694
,16,Chicago White Sox,AL,162,5543,660,1400,279,32,155,625,417,1362,85,36,0.253,0.310,0.398,0.708
,17,Milwaukee Brewers,NL,162,5462,650,1366,297,28,150,617,423,1197,102,43,0.250,0.311,0.397,0.708
,18,Arizona Diamondbacks,NL,162,5552,615,1379,259,47,118,573,398,1165,86,33,0.248,0.302,0.376,0.678
,19,Tampa Bay Rays,AL,162,5516,612,1361,263,24,117,586,527,1124,63,27,0.247,0.317,0.367,0.684
,20,New York Yankees,AL,162,5497,633,1349,247,26,147,591,452,1133,112,26,0.245,0.307,0.380,0.687
,21,Oakland Athletics,AL,162,5545,729,1354,253,33,146,686,586,1104,83,20,0.244,0.320,0.381,0.700
,22,Boston Red Sox,AL,162,5551,634,1355,282,20,123,601,535,1337,63,25,0.244,0.316,0.369,0.684
,23,Seattle Mariners,AL,162,5450,634,1328,247,32,136,600,396,1232,96,42,0.244,0.300,0.376,0.676
,24,Philadelphia Phillies,NL,162,5603,619,1356,251,27,125,584,443,1306,109,26,0.242,0.302,0.363,0.665
,25,Houston Astros,AL,162,5447,629,1317,240,19,163,596,495,1442,122,37,0.242,0.309,0.383,0.692
,26,Atlanta Braves,NL,162,5468,573,1316,240,22,123,545,472,1369,95,33,0.241,0.305,0.360,0.665
,27,Chicago Cubs,NL,162,5508,614,1315,270,31,157,590,442,1477,65,40,0.239,0.300,0.385,0.684
,28,New York Mets,NL,162,5472,629,1306,275,19,125,602,516,1264,101,34,0.239,0.308,0.364,0.673
,29,Cincinnati Reds,NL,162,5395,595,1282,254,20,131,562,415,1252,122,52,0.238,0.296,0.365,0.661
,30,San Diego Padres,NL,162,5294,535,1199,224,30,109,500,468,1294,91,34,0.226,0.292,0.342,0.634
2013,1,Detroit Tigers,AL,162,5735,796,1625,292,23,176,767,531,1073,35,20,0.283,0.346,0.434,0.780
,2,Boston Red Sox,AL,162,5651,853,1566,363,29,178,819,581,1308,123,19,0.277,0.349,0.446,0.795
,3,Colorado Rockies,NL,162,5599,706,1511,283,36,159,673,427,1204,112,32,0.270,0.323,0.418,0.741
,4,St. Louis Cardinals,NL,162,5557,783,1494,322,20,125,745,481,1110,45,22,0.269,0.332,0.401,0.733
,5,Los Angeles Angels,AL,162,5588,733,1476,270,39,164,696,523,1221,82,34,0.264,0.329,0.414,0.743
,6,Los Angeles Dodgers,NL,162,5491,649,1447,281,17,138,618,476,1146,78,28,0.264,0.326,0.396,0.722
,7,Texas Rangers,AL,163,5585,730,1465,262,23,176,691,462,1067,149,46,0.262,0.323,0.412,0.735
,8,San Francisco Giants,NL,162,5552,629,1446,280,35,107,596,469,1078,67,26,0.260,0.320,0.381,0.702
,9,Kansas City Royals,AL,162,5549,648,1443,254,34,112,620,422,1048,153,32,0.260,0.315,0.379,0.694
,10,Baltimore Orioles,AL,162,5620,745,1460,298,14,212,719,416,1125,79,29,0.260,0.313,0.431,0.744
,11,Arizona Diamondbacks,NL,162,5676,685,1468,302,31,130,647,519,1142,62,41,0.259,0.323,0.391,0.715
,12,Tampa Bay Rays,AL,163,5538,700,1421,296,23,165,670,589,1171,73,38,0.257,0.329,0.408,0.737
,13,Cleveland Indians,AL,162,5465,745,1391,290,23,171,711,562,1283,117,36,0.255,0.327,0.410,0.737
,14,Oakland Athletics,AL,162,5521,767,1403,301,25,186,725,573,1178,74,28,0.254,0.327,0.419,0.745
,15,Toronto Blue Jays,AL,162,5537,712,1398,273,24,185,669,510,1123,112,41,0.252,0.318,0.411,0.729
,16,Milwaukee Brewers,NL,162,5474,640,1381,238,43,157,610,407,1183,142,50,0.252,0.311,0.398,0.708
,17,Washington Nationals,NL,162,5436,656,1365,259,27,161,621,464,1192,88,28,0.251,0.313,0.398,0.710
,18,Cincinnati Reds,NL,162,5499,698,1370,274,20,155,664,585,1245,67,35,0.249,0.327,0.391,0.718
,19,Chicago White Sox,AL,162,5563,598,1385,237,19,148,574,411,1207,105,42,0.249,0.302,0.378,0.680
,20,Atlanta Braves,NL,162,5441,688,1354,247,21,181,656,542,1384,64,31,0.249,0.321,0.402,0.723
,21,Philadelphia Phillies,NL,162,5456,610,1355,255,32,140,578,417,1205,73,29,0.248,0.306,0.384,0.690
,22,Pittsburgh Pirates,NL,162,5486,634,1346,273,35,161,603,469,1330,94,42,0.245,0.313,0.396,0.709
,23,San Diego Padres,NL,162,5517,618,1349,246,26,146,578,467,1309,118,34,0.245,0.308,0.378,0.686
,24,New York Yankees,AL,162,5449,650,1321,247,24,144,614,466,1214,115,31,0.242,0.307,0.376,0.683
,25,Minnesota Twins,AL,162,5564,614,1346,285,15,151,590,533,1430,52,33,0.242,0.312,0.380,0.692
,26,Houston Astros,AL,162,5457,610,1307,266,16,148,566,426,1535,110,61,0.240,0.299,0.375,0.674
,27,Chicago Cubs,NL,162,5498,602,1307,297,18,172,576,439,1230,63,32,0.238,0.300,0.392,0.693
,28,Seattle Mariners,AL,162,5558,624,1318,249,17,188,597,529,1353,49,23,0.237,0.306,0.390,0.695
,29,New York Mets,NL,162,5559,619,1318,263,32,130,593,512,1384,114,35,0.237,0.306,0.366,0.672
,30,Miami Marlins,NL,162,5449,513,1257,219,31,95,485,432,1232,78,29,0.231,0.293,0.335,0.627
2012,1,Los Angeles Angels,AL,162,5536,767,1518,273,22,187,732,449,1113,134,33,0.274,0.332,0.433,0.764
,2,Colorado Rockies,NL,162,5577,758,1526,306,52,166,716,450,1213,100,40,0.274,0.330,0.436,0.766
,3,Texas Rangers,AL,162,5590,808,1526,303,32,200,780,478,1103,91,44,0.273,0.334,0.446,0.780
,4,St. Louis Cardinals,NL,162,5622,765,1526,290,37,159,732,533,1192,91,37,0.271,0.338,0.421,0.759
,5,San Francisco Giants,NL,162,5558,718,1495,287,57,103,675,483,1097,118,39,0.269,0.327,0.397,0.724
,6,Detroit Tigers,AL,162,5476,726,1467,279,39,163,698,511,1103,59,23,0.268,0.335,0.422,0.757
,7,Kansas City Royals,AL,162,5636,676,1492,295,37,131,643,404,1032,132,38,0.265,0.317,0.400,0.716
,8,New York Yankees,AL,162,5524,804,1462,280,13,245,774,565,1176,93,27,0.265,0.337,0.453,0.790
,9,Washington Nationals,NL,162,5615,731,1468,301,25,194,688,479,1325,105,35,0.261,0.322,0.428,0.750
,10,Boston Red Sox,AL,162,5604,734,1459,339,16,165,695,428,1197,97,31,0.260,0.315,0.415,0.730
,11,Minnesota Twins,AL,162,5562,701,1448,270,30,131,666,505,1069,135,37,0.260,0.325,0.390,0.715
,12,Milwaukee Brewers,NL,162,5557,776,1442,300,39,202,741,466,1240,158,39,0.259,0.325,0.437,0.762
,13,Arizona Diamondbacks,NL,162,5462,734,1416,307,33,165,710,539,1266,93,51,0.259,0.328,0.418,0.746
,14,Chicago White Sox,AL,162,5518,748,1409,228,29,211,726,461,1203,109,43,0.255,0.318,0.422,0.740
,15,Philadelphia Phillies,NL,162,5544,684,1414,271,28,158,659,454,1094,116,23,0.255,0.317,0.400,0.716
,16,Los Angeles Dodgers,NL,162,5438,637,1369,269,23,116,607,481,1156,104,44,0.252,0.317,0.374,0.690
,17,Cincinnati Reds,NL,162,5477,669,1377,296,30,172,636,481,1266,87,27,0.251,0.315,0.411,0.726
,18,Cleveland Indians,AL,162,5525,667,1385,266,24,136,635,555,1087,110,44,0.251,0.324,0.381,0.705
,19,New York Mets,NL,162,5450,650,1357,286,21,139,625,503,1250,79,38,0.249,0.316,0.386,0.701
,20,Baltimore Orioles,AL,162,5560,712,1375,270,16,214,677,480,1315,58,29,0.247,0.311,0.417,0.728
,21,Atlanta Braves,NL,162,5425,700,1341,263,30,149,660,567,1289,101,32,0.247,0.320,0.389,0.709
,22,San Diego Padres,NL,162,5422,651,1339,272,43,121,610,539,1238,155,46,0.247,0.319,0.380,0.699
,23,Toronto Blue Jays,AL,162,5487,716,1346,247,22,198,677,473,1251,123,41,0.245,0.309,0.407,0.716
,24,Miami Marlins,NL,162,5437,609,1327,261,39,137,576,484,1228,149,41,0.244,0.308,0.382,0.690
,25,Pittsburgh Pirates,NL,162,5412,651,1313,241,37,170,620,444,1354,73,52,0.243,0.304,0.395,0.699
,26,Chicago Cubs,NL,162,5411,613,1297,265,36,137,570,447,1235,94,45,0.240,0.302,0.378,0.680
,27,Tampa Bay Rays,AL,162,5398,697,1293,250,30,175,665,571,1323,134,44,0.240,0.317,0.394,0.711
,28,Oakland Athletics,AL,162,5527,713,1315,267,32,195,676,550,1387,122,32,0.238,0.310,0.404,0.714
,29,Houston Astros,NL,162,5407,583,1276,238,28,146,545,463,1365,105,46,0.236,0.302,0.371,0.673
,30,Seattle Mariners,AL,162,5494,619,1285,241,27,149,584,466,1259,104,35,0.234,0.296,0.369,0.665
2011,1,Texas Rangers,AL,162,5659,855,1599,310,32,210,807,475,930,143,45,0.283,0.340,0.460,0.800
,2,Boston Red Sox,AL,162,5710,875,1600,352,35,203,842,578,1108,102,42,0.280,0.349,0.461,0.810
,3,Detroit Tigers,AL,162,5563,787,1540,297,34,169,750,521,1143,49,20,0.277,0.340,0.434,0.773
,4,Kansas City Royals,AL,162,5672,730,1560,325,41,129,705,442,1006,153,58,0.275,0.329,0.415,0.744
,5,St. Louis Cardinals,NL,162,5532,762,1513,308,22,162,726,542,978,57,39,0.273,0.341,0.425,0.766
,6,New York Mets,NL,162,5600,718,1477,309,39,108,676,571,1085,130,35,0.264,0.335,0.391,0.725
,7,New York Yankees,AL,162,5518,867,1452,267,33,222,836,627,1138,147,46,0.263,0.343,0.444,0.788
,8,Milwaukee Brewers,NL,162,5447,721,1422,276,31,185,693,481,1083,94,31,0.261,0.325,0.425,0.750
,9,Colorado Rockies,NL,162,5544,735,1429,274,40,163,697,555,1201,118,42,0.258,0.329,0.410,0.739
,10,Houston Astros,NL,162,5598,615,1442,309,28,95,579,401,1164,118,33,0.258,0.311,0.374,0.684
,11,Baltimore Orioles,AL,162,5585,708,1434,273,13,191,684,452,1120,81,25,0.257,0.316,0.413,0.729
,12,Los Angeles Dodgers,NL,161,5436,644,1395,237,28,117,613,498,1087,126,40,0.257,0.322,0.375,0.697
,13,Chicago Cubs,NL,162,5549,654,1423,285,36,148,610,425,1202,69,23,0.256,0.314,0.401,0.715
,14,Cincinnati Reds,NL,162,5612,735,1438,264,19,183,697,535,1250,97,50,0.256,0.326,0.408,0.734
,15,Los Angeles Angels,AL,162,5513,667,1394,289,34,155,629,442,1086,135,52,0.253,0.313,0.402,0.714
,16,Philadelphia Phillies,NL,162,5579,713,1409,258,38,153,693,539,1024,96,24,0.253,0.323,0.395,0.717
,17,Chicago White Sox,AL,162,5502,654,1387,252,16,154,625,475,989,81,53,0.252,0.319,0.388,0.706
,18,Cleveland Indians,AL,162,5509,704,1380,290,26,154,671,494,1269,89,42,0.250,0.317,0.396,0.714
,19,Arizona Diamondbacks,NL,162,5421,731,1357,293,37,172,702,531,1249,133,55,0.250,0.322,0.413,0.736
,20,Toronto Blue Jays,AL,162,5559,743,1384,285,34,186,704,525,1184,131,52,0.249,0.317,0.413,0.730
,21,Minnesota Twins,AL,162,5487,619,1357,259,25,103,572,440,1048,92,39,0.247,0.306,0.360,0.666
,22,Florida Marlins,NL,162,5508,625,1358,274,30,149,596,542,1244,95,41,0.247,0.318,0.388,0.706
,23,Pittsburgh Pirates,NL,162,5421,610,1325,277,35,107,580,489,1308,108,52,0.244,0.309,0.368,0.676
,24,Oakland Athletics,AL,162,5452,645,1330,280,29,114,612,509,1094,117,43,0.244,0.311,0.369,0.680
,25,Tampa Bay Rays,AL,162,5436,707,1324,273,37,172,674,571,1193,155,62,0.244,0.322,0.402,0.724
,26,Atlanta Braves,NL,162,5528,641,1345,244,16,173,606,504,1260,77,44,0.243,0.308,0.387,0.695
,27,Washington Nationals,NL,161,5441,624,1319,257,22,154,594,470,1323,106,38,0.242,0.309,0.383,0.691
,28,San Francisco Giants,NL,162,5486,570,1327,282,24,121,534,448,1122,85,51,0.242,0.303,0.368,0.671
,29,San Diego Padres,NL,162,5417,593,1284,247,42,91,563,501,1320,170,44,0.237,0.305,0.349,0.653
,30,Seattle Mariners,AL,162,5421,556,1263,253,22,109,534,435,1280,125,40,0.233,0.292,0.348,0.640
2010,1,Texas Rangers,AL,162,5635,787,1556,268,25,162,740,511,986,123,48,0.276,0.338,0.419,0.757
,2,Kansas City Royals,AL,162,5604,676,1534,279,31,121,640,471,905,115,50,0.274,0.331,0.399,0.730
,3,Minnesota Twins,AL,162,5568,781,1521,318,41,142,749,559,967,68,28,0.273,0.341,0.422,0.762
,4,Cincinnati Reds,NL,162,5579,790,1515,293,30,188,761,522,1218,93,43,0.272,0.338,0.436,0.774
,5,Detroit Tigers,AL,162,5643,751,1515,308,32,152,717,546,1147,69,30,0.268,0.335,0.415,0.750
,6,Boston Red Sox,AL,162,5646,818,1511,358,22,211,782,587,1140,68,17,0.268,0.339,0.451,0.790
,7,Chicago White Sox,AL,162,5484,752,1467,263,21,177,710,467,922,160,74,0.268,0.332,0.420,0.752
,8,New York Yankees,AL,162,5567,859,1485,275,32,201,823,662,1136,103,30,0.267,0.350,0.436,0.786
,9,St. Louis Cardinals,NL,162,5542,736,1456,285,18,150,689,541,1027,79,41,0.263,0.332,0.402,0.733
,10,Colorado Rockies,NL,162,5530,770,1452,270,54,173,741,585,1274,99,42,0.263,0.336,0.425,0.760
,11,Milwaukee Brewers,NL,162,5606,750,1471,293,33,182,710,546,1216,81,26,0.262,0.335,0.424,0.759
,12,Philadelphia Phillies,NL,162,5581,772,1451,290,34,166,736,560,1064,108,21,0.260,0.332,0.413,0.745
,13,Baltimore Orioles,AL,162,5554,613,1440,264,21,133,577,424,1056,76,34,0.259,0.316,0.386,0.702
,14,Atlanta Braves,NL,162,5463,738,1411,312,25,139,699,634,1140,63,29,0.258,0.339,0.401,0.740
,15,San Francisco Giants,NL,162,5488,697,1411,284,30,162,660,487,1099,55,32,0.257,0.321,0.408,0.729
,16,Chicago Cubs,NL,162,5512,685,1414,298,27,149,658,479,1236,55,31,0.257,0.320,0.401,0.721
,17,Oakland Athletics,AL,162,5448,663,1396,276,30,109,619,527,1061,156,38,0.256,0.324,0.378,0.702
,18,Florida Marlins,NL,162,5531,719,1403,294,37,152,686,514,1375,92,26,0.254,0.321,0.403,0.724
,19,Los Angeles Dodgers,NL,162,5426,667,1368,270,29,120,621,533,1184,92,50,0.252,0.322,0.379,0.700
,20,Washington Nationals,NL,162,5418,655,1355,250,31,149,634,503,1220,110,41,0.250,0.318,0.390,0.708
,21,Arizona Diamondbacks,NL,162,5473,713,1366,301,34,180,691,589,1529,86,41,0.250,0.325,0.416,0.740
,22,New York Mets,NL,162,5465,656,1361,266,40,128,625,502,1095,130,44,0.249,0.314,0.383,0.697
,23,Los Angeles Angels,AL,162,5488,681,1363,276,19,155,656,466,1070,104,52,0.248,0.311,0.390,0.702
,24,Toronto Blue Jays,AL,162,5495,755,1364,319,21,257,732,471,1164,58,20,0.248,0.312,0.454,0.766
,25,Cleveland Indians,AL,162,5487,646,1362,290,20,128,601,545,1184,91,33,0.248,0.322,0.378,0.700
,26,Houston Astros,NL,162,5452,611,1348,252,25,108,577,415,1025,100,36,0.247,0.303,0.362,0.665
,27,Tampa Bay Rays,AL,162,5439,802,1343,295,37,160,769,672,1292,172,47,0.247,0.333,0.403,0.736
,28,San Diego Padres,NL,162,5434,665,1338,236,24,132,630,538,1183,124,50,0.246,0.317,0.371,0.689
,29,Pittsburgh Pirates,NL,162,5386,587,1303,276,27,126,570,463,1207,87,36,0.242,0.304,0.373,0.678
,30,Seattle Mariners,AL,162,5409,513,1274,227,16,101,485,459,1184,142,39,0.236,0.298,0.339,0.637
2009,1,Los Angeles Angels,AL,162,5622,883,1604,293,33,173,841,547,1054,148,63,0.285,0.350,0.441,0.792
,2,New York Yankees,AL,162,5660,915,1604,325,21,244,881,663,1014,111,28,0.283,0.362,0.478,0.839
,3,Minnesota Twins,AL,163,5608,817,1539,271,40,172,770,585,1021,85,32,0.274,0.345,0.429,0.774
,4,Los Angeles Dodgers,NL,162,5592,780,1511,278,39,145,739,607,1068,116,48,0.270,0.346,0.412,0.758
,5,New York Mets,NL,162,5453,671,1472,295,49,95,631,526,928,122,44,0.270,0.335,0.394,0.729
,6,Boston Red Sox,AL,162,5543,872,1495,335,25,212,822,659,1120,126,39,0.270,0.352,0.454,0.806
,7,Baltimore Orioles,AL,162,5618,741,1508,307,19,160,708,517,1013,76,37,0.268,0.332,0.415,0.747
,8,Florida Marlins,NL,162,5572,772,1493,296,25,159,727,568,1226,75,35,0.268,0.340,0.416,0.756
,9,Toronto Blue Jays,AL,162,5696,798,1516,339,13,209,766,548,1028,73,23,0.266,0.333,0.440,0.773
,10,Cleveland Indians,AL,162,5568,773,1468,314,28,161,730,582,1211,84,31,0.264,0.339,0.417,0.756
,11,Atlanta Braves,NL,162,5539,735,1459,300,20,149,700,602,1064,58,26,0.263,0.339,0.405,0.744
,12,St. Louis Cardinals,NL,162,5465,730,1436,294,29,160,694,528,1041,75,31,0.263,0.332,0.415,0.747
,13,Milwaukee Brewers,NL,162,5510,785,1447,281,37,182,757,610,1231,68,37,0.263,0.341,0.426,0.767
,14,Tampa Bay Rays,AL,162,5462,803,1434,297,36,199,765,642,1229,194,61,0.263,0.343,0.439,0.782
,15,Oakland Athletics,AL,162,5584,759,1464,307,21,135,723,527,1046,133,48,0.262,0.328,0.397,0.726
,16,Colorado Rockies,NL,162,5398,804,1408,300,50,190,760,660,1277,106,55,0.261,0.343,0.441,0.784
,17,Detroit Tigers,AL,163,5540,743,1443,245,35,183,718,540,1114,72,33,0.260,0.331,0.416,0.747
,18,Houston Astros,NL,162,5436,643,1415,270,32,142,616,448,990,113,44,0.260,0.319,0.400,0.719
,19,Texas Rangers,AL,162,5526,784,1436,296,27,224,748,472,1253,149,36,0.260,0.320,0.445,0.764
,20,Kansas City Royals,AL,162,5532,686,1432,276,51,144,657,457,1091,88,29,0.259,0.318,0.405,0.724
,21,Chicago White Sox,AL,162,5463,724,1410,246,20,184,695,534,1022,113,49,0.258,0.329,0.411,0.740
,22,Seattle Mariners,AL,162,5543,640,1430,280,19,160,613,421,1093,89,33,0.258,0.314,0.402,0.716
,23,Philadelphia Phillies,NL,162,5578,820,1439,312,35,224,788,589,1155,119,28,0.258,0.334,0.447,0.781
,24,Washington Nationals,NL,162,5493,710,1416,271,38,156,685,617,1208,73,40,0.258,0.337,0.406,0.743
,25,San Francisco Giants,NL,162,5493,657,1411,275,43,122,612,392,1158,78,28,0.257,0.309,0.389,0.699
,26,Chicago Cubs,NL,161,5486,707,1398,293,29,161,678,592,1185,56,34,0.255,0.332,0.407,0.738
,27,Arizona Diamondbacks,NL,162,5565,720,1408,307,45,173,686,571,1298,102,40,0.253,0.324,0.418,0.742
,28,Pittsburgh Pirates,NL,161,5417,636,1364,289,34,125,612,499,1142,90,32,0.252,0.318,0.387,0.705
,29,Cincinnati Reds,NL,162,5462,673,1349,280,25,158,637,531,1129,96,40,0.247,0.318,0.394,0.712
,30,San Diego Padres,NL,162,5425,638,1315,265,31,141,605,586,1182,82,29,0.242,0.321,0.381,0.701
2008,1,Texas Rangers,AL,162,5728,901,1619,376,35,194,867,595,1207,81,25,0.283,0.354,0.462,0.816
,2,St. Louis Cardinals,NL,162,5636,779,1585,283,26,174,744,577,985,73,32,0.281,0.350,0.433,0.783
,3,Boston Red Sox,AL,162,5596,845,1565,353,33,173,807,646,1068,120,35,0.280,0.358,0.447,0.805
,4,Minnesota Twins,AL,163,5641,829,1572,298,49,111,791,529,979,102,42,0.279,0.340,0.408,0.748
,5,Chicago Cubs,NL,161,5588,855,1552,329,21,184,811,636,1186,87,34,0.278,0.354,0.443,0.797
,6,New York Yankees,AL,162,5572,789,1512,289,20,180,758,535,1015,118,39,0.271,0.342,0.427,0.769
,7,Detroit Tigers,AL,162,5641,821,1529,293,41,200,780,572,1076,63,31,0.271,0.340,0.444,0.784
,8,Atlanta Braves,NL,162,5604,753,1514,316,33,130,721,618,1023,58,27,0.270,0.345,0.408,0.753
,9,Kansas City Royals,AL,162,5608,691,1507,303,28,120,650,392,1005,79,38,0.269,0.320,0.397,0.717
,10,Los Angeles Angels,AL,162,5540,765,1486,274,25,159,721,481,987,129,48,0.268,0.330,0.413,0.743
,11,Baltimore Orioles,AL,161,5559,782,1486,322,30,172,750,533,990,81,37,0.267,0.333,0.429,0.762
,12,New York Mets,NL,162,5606,799,1491,274,38,172,751,619,1024,138,36,0.266,0.340,0.420,0.761
,13,Seattle Mariners,AL,162,5643,671,1498,285,20,124,631,417,890,90,32,0.265,0.318,0.389,0.707
,14,Los Angeles Dodgers,NL,162,5506,700,1455,271,29,137,659,543,1032,126,43,0.264,0.333,0.399,0.732
,15,Toronto Blue Jays,AL,162,5503,714,1453,303,32,126,681,521,938,80,27,0.264,0.331,0.399,0.731
,16,Colorado Rockies,NL,162,5557,747,1462,310,28,160,714,570,1209,141,37,0.263,0.336,0.415,0.751
,17,Houston Astros,NL,161,5451,712,1432,284,22,167,684,449,1051,114,52,0.263,0.323,0.415,0.737
,18,Chicago White Sox,AL,163,5553,811,1458,296,13,235,785,540,1016,67,34,0.263,0.332,0.448,0.780
,19,Cleveland Indians,AL,162,5543,805,1455,339,22,171,772,560,1213,77,29,0.262,0.339,0.424,0.763
,20,San Francisco Giants,NL,162,5543,640,1452,311,37,94,606,452,1044,108,46,0.262,0.321,0.382,0.703
,21,Tampa Bay Rays,AL,162,5541,774,1443,284,37,180,735,626,1224,142,50,0.260,0.340,0.422,0.762
,22,Pittsburgh Pirates,NL,162,5628,735,1454,314,21,153,705,474,1039,57,19,0.258,0.320,0.403,0.723
,23,Philadelphia Phillies,NL,162,5509,799,1407,291,36,214,762,586,1117,136,25,0.255,0.332,0.438,0.770
,24,Florida Marlins,NL,161,5499,770,1397,302,28,208,741,543,1371,76,28,0.254,0.326,0.433,0.759
,25,Milwaukee Brewers,NL,162,5535,750,1398,324,35,198,722,550,1203,108,38,0.253,0.325,0.431,0.757
,26,Washington Nationals,NL,161,5491,641,1376,269,26,117,608,534,1095,81,43,0.251,0.323,0.373,0.696
,27,Arizona Diamondbacks,NL,162,5409,720,1355,318,47,159,683,587,1287,58,23,0.251,0.327,0.415,0.742
,28,San Diego Padres,NL,162,5568,637,1390,264,27,154,615,518,1259,36,17,0.250,0.317,0.390,0.707
,29,Cincinnati Reds,NL,162,5465,704,1351,269,24,187,677,560,1125,85,47,0.247,0.321,0.408,0.729
,30,Oakland Athletics,AL,161,5451,646,1318,270,23,125,610,574,1226,88,21,0.242,0.318,0.369,0.686
2007,1,New York Yankees,AL,162,5717,968,1656,326,32,201,929,637,991,123,40,0.290,0.366,0.463,0.829
,2,Detroit Tigers,AL,162,5757,887,1652,352,50,177,857,474,1054,103,30,0.287,0.345,0.458,0.802
,3,Seattle Mariners,AL,162,5684,794,1629,284,22,153,754,389,861,81,30,0.287,0.337,0.425,0.762
,4,Los Angeles Angels,AL,162,5554,822,1578,324,23,123,776,507,883,139,55,0.284,0.345,0.417,0.762
,5,Colorado Rockies,NL,163,5691,860,1591,313,36,171,823,622,1152,100,31,0.280,0.354,0.437,0.791
,6,Boston Red Sox,AL,162,5589,867,1561,352,35,166,829,689,1042,96,24,0.279,0.362,0.444,0.806
,7,New York Mets,NL,162,5605,804,1543,294,27,177,761,549,981,200,46,0.275,0.342,0.432,0.775
,8,Los Angeles Dodgers,NL,162,5614,735,1544,276,35,129,706,511,864,137,50,0.275,0.337,0.406,0.743
,9,Atlanta Braves,NL,162,5689,810,1562,328,27,176,781,534,1149,64,30,0.275,0.339,0.435,0.774
,10,Philadelphia Phillies,NL,162,5688,892,1558,326,41,213,850,641,1205,138,19,0.274,0.354,0.458,0.812
,11,St. Louis Cardinals,NL,162,5529,725,1513,279,13,141,690,506,909,56,33,0.274,0.337,0.405,0.743
,12,Baltimore Orioles,AL,162,5631,756,1529,306,30,142,718,500,939,144,42,0.272,0.333,0.412,0.746
,13,Chicago Cubs,NL,162,5643,752,1530,340,28,151,711,500,1054,86,33,0.271,0.333,0.422,0.754
,14,Cleveland Indians,AL,162,5604,811,1504,305,27,178,784,590,1202,72,41,0.268,0.343,0.428,0.771
,15,Tampa Bay Devil Rays,AL,162,5593,782,1500,291,36,187,750,545,1324,131,48,0.268,0.336,0.433,0.769
,16,Florida Marlins,NL,162,5627,790,1504,340,38,201,749,521,1332,105,34,0.267,0.336,0.448,0.784
,17,Cincinnati Reds,NL,162,5607,783,1496,293,23,204,747,536,1113,97,31,0.267,0.335,0.436,0.772
,18,Minnesota Twins,AL,162,5522,718,1460,273,36,118,671,512,839,112,30,0.264,0.330,0.391,0.721
,19,Texas Rangers,AL,162,5555,816,1460,298,36,179,768,503,1224,88,25,0.263,0.328,0.426,0.754
,20,Pittsburgh Pirates,NL,162,5569,724,1463,322,31,148,694,463,1135,68,30,0.263,0.325,0.411,0.736
,21,Milwaukee Brewers,NL,162,5554,801,1455,310,37,231,774,501,1137,96,32,0.262,0.329,0.456,0.785
,22,Kansas City Royals,AL,162,5534,706,1447,300,46,102,660,428,1069,78,44,0.261,0.322,0.388,0.710
,23,Houston Astros,NL,162,5605,723,1457,293,30,167,700,547,1043,65,33,0.260,0.330,0.412,0.742
,24,Toronto Blue Jays,AL,162,5536,753,1434,344,24,165,719,533,1044,57,22,0.259,0.327,0.419,0.746
,25,Oakland Athletics,AL,162,5577,741,1430,295,16,171,711,664,1119,52,20,0.256,0.338,0.407,0.745
,26,Washington Nationals,NL,162,5520,673,1415,309,31,123,646,524,1128,69,23,0.256,0.325,0.390,0.715
,27,San Francisco Giants,NL,162,5538,683,1407,267,37,131,641,532,907,119,33,0.254,0.322,0.387,0.708
,28,San Diego Padres,NL,163,5612,741,1408,322,31,171,704,557,1229,55,24,0.251,0.322,0.411,0.732
,29,Arizona Diamondbacks,NL,162,5398,712,1350,286,40,171,687,532,1111,109,24,0.250,0.321,0.413,0.734
,30,Chicago White Sox,AL,162,5441,693,1341,249,20,190,667,532,1149,78,45,0.246,0.318,0.404,0.722
2006,1,Minnesota Twins,AL,162,5602,801,1608,275,34,143,754,490,872,101,42,0.287,0.347,0.425,0.771
,2,New York Yankees,AL,162,5651,930,1608,327,21,210,902,649,1053,139,35,0.285,0.363,0.461,0.824
,3,Toronto Blue Jays,AL,162,5596,809,1591,348,27,199,778,514,906,65,33,0.284,0.348,0.463,0.811
,4,Cleveland Indians,AL,162,5619,870,1576,351,27,196,839,556,1204,55,23,0.280,0.349,0.457,0.806
,5,Chicago White Sox,AL,162,5657,868,1586,291,20,236,839,502,1056,93,48,0.280,0.342,0.464,0.806
,6,Texas Rangers,AL,162,5659,835,1571,357,23,183,799,505,1061,53,24,0.278,0.338,0.446,0.784
,7,Baltimore Orioles,AL,162,5610,768,1556,288,20,164,727,474,878,121,32,0.277,0.339,0.424,0.763
,8,Los Angeles Dodgers,NL,162,5628,820,1552,307,58,153,787,601,959,128,49,0.276,0.348,0.432,0.781
,9,Los Angeles Angels,AL,162,5609,766,1539,309,29,159,737,486,914,148,57,0.274,0.334,0.425,0.759
,10,Detroit Tigers,AL,162,5642,822,1548,294,40,203,785,430,1133,60,40,0.274,0.329,0.449,0.777
,11,Seattle Mariners,AL,162,5670,756,1540,266,42,172,703,404,974,106,37,0.272,0.325,0.424,0.749
,12,Kansas City Royals,AL,162,5589,757,1515,335,37,124,718,474,1040,65,34,0.271,0.332,0.411,0.743
,13,Atlanta Braves,NL,162,5583,849,1510,312,26,222,818,526,1169,52,35,0.270,0.337,0.455,0.791
,14,Colorado Rockies,NL,162,5562,813,1504,325,54,157,761,561,1108,85,50,0.270,0.341,0.433,0.774
,15,St. Louis Cardinals,NL,161,5522,781,1484,292,27,184,745,531,922,59,32,0.269,0.337,0.431,0.769
,16,Boston Red Sox,AL,162,5619,820,1510,327,16,192,777,672,1056,51,23,0.269,0.351,0.435,0.786
,17,Chicago Cubs,NL,162,5587,716,1496,271,46,166,677,395,928,121,49,0.268,0.319,0.422,0.741
,18,Philadelphia Phillies,NL,162,5687,865,1518,294,41,216,823,626,1203,92,25,0.267,0.347,0.447,0.794
,19,Arizona Diamondbacks,NL,162,5645,773,1506,331,38,160,743,504,965,76,30,0.267,0.331,0.424,0.755
,20,New York Mets,NL,162,5558,834,1469,323,41,200,800,547,1071,146,35,0.264,0.334,0.445,0.780
,21,Florida Marlins,NL,162,5502,758,1454,309,42,182,713,497,1249,110,58,0.264,0.331,0.435,0.766
,22,Pittsburgh Pirates,NL,162,5558,691,1462,286,17,141,656,459,1200,68,23,0.263,0.327,0.397,0.723
,23,San Diego Padres,NL,162,5576,731,1465,298,38,161,698,564,1104,123,31,0.263,0.332,0.416,0.749
,24,Washington Nationals,NL,162,5495,746,1437,322,22,164,695,594,1156,123,62,0.262,0.338,0.418,0.756
,25,Oakland Athletics,AL,162,5500,771,1429,266,22,175,735,650,976,61,20,0.260,0.340,0.412,0.752
,26,San Francisco Giants,NL,161,5472,746,1418,297,52,163,711,494,891,58,25,0.259,0.324,0.422,0.746
,27,Milwaukee Brewers,NL,162,5433,730,1400,301,20,180,695,502,1233,71,37,0.258,0.327,0.420,0.747
,28,Cincinnati Reds,NL,162,5515,749,1419,291,12,217,718,614,1192,124,33,0.257,0.336,0.432,0.768
,29,Houston Astros,NL,162,5521,735,1407,275,27,174,708,585,1076,79,36,0.255,0.332,0.409,0.741
,30,Tampa Bay Devil Rays,AL,162,5474,689,1395,267,33,190,650,441,1106,134,52,0.255,0.314,0.420,0.733
2005,1,Boston Red Sox,AL,162,5626,910,1579,339,21,199,863,653,1044,45,12,0.281,0.357,0.454,0.811
,2,New York Yankees,AL,162,5624,886,1552,259,16,229,847,637,989,84,27,0.276,0.355,0.450,0.805
,3,Tampa Bay Devil Rays,AL,162,5552,750,1519,289,40,157,717,412,990,151,49,0.274,0.329,0.425,0.754
,4,Florida Marlins,NL,162,5502,717,1499,306,32,128,678,512,918,96,38,0.272,0.339,0.409,0.748
,5,Detroit Tigers,AL,162,5602,723,1521,283,45,168,678,384,1038,66,28,0.272,0.321,0.428,0.750
,6,Cleveland Indians,AL,162,5609,790,1522,337,30,207,760,503,1093,62,36,0.271,0.334,0.453,0.787
,7,Los Angeles Angels,AL,162,5624,761,1520,278,30,147,726,447,848,161,57,0.270,0.325,0.409,0.734
,8,St. Louis Cardinals,NL,162,5538,805,1494,287,26,170,757,534,947,83,36,0.270,0.339,0.423,0.762
,9,Chicago Cubs,NL,162,5584,703,1506,323,23,194,674,419,920,65,39,0.270,0.324,0.440,0.764
,10,Philadelphia Phillies,NL,162,5542,807,1494,282,35,167,760,639,1083,116,27,0.270,0.348,0.423,0.772
,11,Baltimore Orioles,AL,162,5551,729,1492,296,27,189,700,447,902,83,37,0.269,0.327,0.434,0.761
,12,Texas Rangers,AL,162,5716,865,1528,311,29,260,834,495,1112,67,15,0.267,0.329,0.468,0.798
,13,Colorado Rockies,NL,162,5542,740,1477,280,34,150,704,509,1103,65,32,0.267,0.333,0.411,0.744
,14,Toronto Blue Jays,AL,162,5581,775,1480,307,39,136,735,486,955,72,35,0.265,0.331,0.407,0.738
,15,Atlanta Braves,NL,162,5486,769,1453,308,37,184,733,534,1084,92,32,0.265,0.333,0.435,0.768
,16,Kansas City Royals,AL,162,5503,701,1445,289,34,126,653,424,1008,53,33,0.263,0.320,0.396,0.716
,17,Oakland Athletics,AL,162,5627,772,1476,310,20,155,739,537,819,31,22,0.262,0.330,0.407,0.737
,18,Chicago White Sox,AL,162,5529,741,1450,253,23,200,713,435,1002,137,67,0.262,0.322,0.425,0.747
,19,San Francisco Giants,NL,162,5462,649,1427,299,26,128,617,431,901,71,35,0.261,0.319,0.396,0.714
,20,Cincinnati Reds,NL,163,5565,820,1453,335,15,222,784,611,1303,72,23,0.261,0.339,0.446,0.785
,21,Milwaukee Brewers,NL,162,5448,726,1413,327,19,175,689,531,1162,79,34,0.259,0.331,0.423,0.754
,22,Pittsburgh Pirates,NL,162,5573,680,1445,292,38,139,656,471,1092,73,30,0.259,0.322,0.400,0.723
,23,Minnesota Twins,AL,162,5564,688,1441,269,32,134,644,485,978,102,44,0.259,0.323,0.391,0.714
,24,New York Mets,NL,162,5505,722,1421,279,32,175,683,486,1075,153,40,0.258,0.322,0.416,0.738
,25,San Diego Padres,NL,162,5502,684,1416,269,39,130,655,600,977,99,44,0.257,0.333,0.391,0.724
,26,Houston Astros,NL,163,5462,693,1400,281,32,161,654,481,1037,115,44,0.256,0.322,0.408,0.730
,27,Arizona Diamondbacks,NL,162,5550,696,1419,291,27,191,670,606,1094,67,26,0.256,0.332,0.421,0.754
,28,Seattle Mariners,AL,162,5507,699,1408,289,34,130,657,466,986,102,47,0.256,0.317,0.391,0.709
,29,Los Angeles Dodgers,NL,162,5433,685,1374,284,21,149,653,541,1094,58,35,0.253,0.326,0.395,0.721
,30,Washington Nationals,NL,162,5426,639,1367,311,32,117,615,491,1090,45,45,0.252,0.322,0.386,0.708
2004,1,Anaheim Angels,AL,162,5675,836,1603,272,37,162,783,450,942,143,46,0.282,0.341,0.429,0.770
,2,Boston Red Sox,AL,162,5720,949,1613,373,25,222,912,659,1189,68,30,0.282,0.360,0.472,0.832
,3,Baltimore Orioles,AL,162,5736,842,1614,319,18,169,803,528,949,101,41,0.281,0.345,0.432,0.776
,4,St. Louis Cardinals,NL,162,5555,855,1544,319,24,214,817,548,1085,111,47,0.278,0.344,0.460,0.804
,5,Cleveland Indians,AL,162,5676,858,1565,345,29,184,820,606,1009,94,55,0.276,0.351,0.444,0.795
,6,Colorado Rockies,NL,162,5577,833,1531,331,34,202,795,568,1181,44,33,0.275,0.345,0.455,0.800
,7,San Diego Padres,NL,162,5573,768,1521,304,32,139,722,566,910,52,25,0.273,0.342,0.414,0.756
,8,Detroit Tigers,AL,162,5623,827,1531,284,54,201,800,518,1144,86,50,0.272,0.337,0.449,0.786
,9,San Francisco Giants,NL,162,5546,850,1500,314,33,183,805,705,874,43,23,0.270,0.357,0.438,0.795
,10,Atlanta Braves,NL,162,5570,803,1503,304,37,178,767,587,1158,86,32,0.270,0.343,0.434,0.777
,11,Seattle Mariners,AL,162,5722,698,1544,276,20,136,658,492,1058,110,42,0.270,0.331,0.396,0.727
,12,Oakland Athletics,AL,162,5728,793,1545,336,15,189,752,608,1061,47,22,0.270,0.343,0.433,0.776
,13,New York Yankees,AL,162,5527,897,1483,281,20,242,863,670,982,84,33,0.268,0.353,0.458,0.811
,14,Chicago Cubs,NL,162,5628,789,1508,308,29,235,755,489,1080,66,28,0.268,0.328,0.458,0.786
,15,Chicago White Sox,AL,162,5534,865,1481,284,19,242,823,499,1030,78,51,0.268,0.333,0.457,0.790
,16,Philadelphia Phillies,NL,162,5643,840,1505,303,23,215,802,645,1133,100,27,0.267,0.345,0.443,0.788
,17,Houston Astros,NL,162,5468,803,1458,294,36,187,756,590,999,89,30,0.267,0.342,0.436,0.778
,18,Texas Rangers,AL,162,5615,860,1492,323,34,227,825,500,1099,69,36,0.266,0.329,0.457,0.786
,19,Minnesota Twins,AL,162,5623,780,1494,310,24,191,735,513,982,116,46,0.266,0.332,0.431,0.763
,20,Florida Marlins,NL,162,5486,718,1447,275,32,148,677,499,968,96,43,0.264,0.329,0.406,0.736
,21,Los Angeles Dodgers,NL,162,5542,761,1450,226,30,203,731,536,1092,102,41,0.262,0.332,0.423,0.755
,22,Pittsburgh Pirates,NL,161,5483,680,1428,267,39,142,648,415,1066,63,40,0.260,0.321,0.401,0.722
,23,Toronto Blue Jays,AL,161,5531,719,1438,290,34,145,680,513,1083,58,31,0.260,0.328,0.403,0.732
,24,Kansas City Royals,AL,162,5538,720,1432,261,29,150,675,461,1057,67,48,0.259,0.322,0.397,0.720
,25,Tampa Bay Devil Rays,AL,161,5483,714,1416,278,46,145,685,469,944,132,42,0.258,0.320,0.405,0.725
,26,Arizona Diamondbacks,NL,162,5544,615,1401,295,38,135,582,441,1022,53,32,0.253,0.310,0.393,0.703
,27,Cincinnati Reds,NL,162,5518,750,1380,287,28,194,713,599,1335,77,25,0.250,0.331,0.418,0.749
,28,New York Mets,NL,162,5532,684,1376,289,20,185,658,512,1159,107,23,0.249,0.317,0.409,0.726
,29,Montreal Expos,NL,162,5474,635,1361,276,27,151,605,496,925,109,38,0.249,0.313,0.392,0.705
,30,Milwaukee Brewers,NL,161,5483,634,1358,295,32,135,601,540,1312,138,40,0.248,0.321,0.387,0.708
2003,1,Boston Red Sox,AL,162,5769,961,1667,371,40,238,932,620,943,88,35,0.289,0.360,0.491,0.851
,2,Atlanta Braves,NL,162,5670,907,1608,321,31,235,872,545,933,68,22,0.284,0.349,0.475,0.824
,3,Toronto Blue Jays,AL,162,5661,894,1580,357,33,190,853,546,1081,37,25,0.279,0.349,0.455,0.803
,4,St. Louis Cardinals,NL,162,5672,876,1580,342,32,196,827,580,952,82,32,0.279,0.350,0.454,0.804
,5,Minnesota Twins,AL,162,5655,801,1567,318,45,155,755,512,1027,94,44,0.277,0.341,0.431,0.772
,6,Kansas City Royals,AL,162,5568,836,1526,288,39,162,781,476,926,120,42,0.274,0.336,0.427,0.763
,7,Seattle Mariners,AL,162,5561,795,1509,290,33,139,759,586,989,108,37,0.271,0.344,0.410,0.754
,8,New York Yankees,AL,163,5605,877,1518,304,14,230,845,684,1042,98,33,0.271,0.356,0.453,0.810
,9,Anaheim Angels,AL,162,5487,736,1473,276,33,150,687,476,838,129,61,0.268,0.330,0.413,0.743
,10,Baltimore Orioles,AL,163,5665,743,1516,277,24,152,695,431,902,89,36,0.268,0.323,0.405,0.729
,11,Pittsburgh Pirates,NL,162,5581,753,1492,275,45,163,711,529,1049,86,37,0.267,0.338,0.420,0.758
,12,Colorado Rockies,NL,162,5518,853,1472,330,31,198,814,619,1134,63,37,0.267,0.344,0.445,0.790
,13,Texas Rangers,AL,162,5664,826,1506,274,36,239,799,488,1052,65,25,0.266,0.330,0.454,0.784
,14,Florida Marlins,NL,162,5490,751,1459,292,44,157,709,515,978,150,74,0.266,0.333,0.421,0.754
,15,Tampa Bay Devil Rays,AL,162,5654,715,1501,298,38,137,678,420,1030,142,42,0.265,0.320,0.404,0.724
,16,San Francisco Giants,NL,161,5456,755,1440,281,29,180,713,593,980,53,37,0.264,0.338,0.425,0.763
,17,Arizona Diamondbacks,NL,162,5570,717,1467,303,47,152,696,531,1006,76,38,0.263,0.330,0.417,0.746
,18,Chicago White Sox,AL,162,5487,791,1445,303,19,220,766,519,916,77,29,0.263,0.331,0.446,0.777
,19,Houston Astros,NL,162,5583,805,1466,308,30,191,763,557,1021,66,30,0.263,0.336,0.431,0.767
,20,Philadelphia Phillies,NL,162,5543,791,1448,325,27,166,757,651,1155,72,29,0.261,0.343,0.419,0.762
,21,San Diego Padres,NL,162,5531,678,1442,257,32,128,641,565,1073,76,39,0.261,0.333,0.388,0.721
,22,Chicago Cubs,NL,162,5519,724,1431,302,24,172,691,492,1158,73,31,0.259,0.323,0.416,0.739
,23,Montreal Expos,NL,162,5437,711,1404,294,25,144,682,522,990,100,39,0.258,0.326,0.401,0.727
,24,Milwaukee Brewers,NL,162,5548,714,1423,266,24,196,685,547,1221,99,39,0.256,0.329,0.419,0.748
,25,Oakland Athletics,AL,162,5497,768,1398,317,24,176,742,556,898,48,14,0.254,0.327,0.417,0.743
,26,Cleveland Indians,AL,162,5572,699,1413,296,26,158,660,466,1062,86,61,0.254,0.316,0.401,0.717
,27,New York Mets,NL,161,5341,642,1317,262,24,124,607,489,1035,70,31,0.247,0.314,0.374,0.688
,28,Cincinnati Reds,NL,162,5509,694,1349,239,21,182,669,524,1326,80,34,0.245,0.318,0.395,0.713
,29,Los Angeles Dodgers,NL,162,5458,574,1328,260,25,124,544,407,985,80,36,0.243,0.303,0.368,0.671
,30,Detroit Tigers,AL,162,5466,591,1312,201,39,153,553,443,1099,98,63,0.240,0.300,0.375,0.675
2002,1,Anaheim Angels,AL,162,5678,851,1603,333,32,152,811,462,805,117,51,0.282,0.341,0.433,0.773
,2,Boston Red Sox,AL,162,5640,859,1560,348,33,177,810,545,944,80,28,0.277,0.345,0.444,0.789
,3,New York Yankees,AL,161,5601,897,1540,314,12,223,857,640,1171,100,38,0.275,0.354,0.455,0.809
,4,Seattle Mariners,AL,162,5569,814,1531,285,31,152,771,629,1003,137,58,0.275,0.350,0.419,0.769
,5,Colorado Rockies,NL,162,5512,778,1508,283,41,152,726,497,1043,103,53,0.274,0.337,0.423,0.760
,6,Minnesota Twins,AL,161,5582,768,1518,348,36,167,731,472,1089,79,62,0.272,0.332,0.437,0.769
,7,Texas Rangers,AL,162,5618,843,1510,304,27,230,806,554,1055,62,34,0.269,0.338,0.455,0.794
,8,Chicago White Sox,AL,162,5502,856,1475,289,29,217,819,555,952,75,31,0.268,0.338,0.449,0.787
,9,St. Louis Cardinals,NL,162,5505,787,1475,285,26,175,758,542,927,86,42,0.268,0.338,0.425,0.763
,10,Arizona Diamondbacks,NL,162,5508,819,1471,283,41,165,783,643,1016,92,46,0.267,0.346,0.423,0.769
,11,San Francisco Giants,NL,162,5497,783,1465,300,35,198,751,616,961,74,21,0.267,0.344,0.442,0.786
,12,Los Angeles Dodgers,NL,162,5554,713,1464,286,29,155,693,428,940,96,37,0.264,0.320,0.409,0.729
,13,Houston Astros,NL,162,5503,749,1441,291,32,167,719,589,1120,71,27,0.262,0.338,0.417,0.755
,14,Montreal Expos,NL,162,5479,735,1432,300,36,162,695,575,1104,118,64,0.261,0.334,0.418,0.752
,15,Toronto Blue Jays,AL,162,5581,813,1457,305,38,187,771,522,1142,71,18,0.261,0.327,0.430,0.757
,16,Oakland Athletics,AL,162,5558,800,1450,279,28,205,772,609,1008,46,20,0.261,0.339,0.432,0.771
,17,Florida Marlins,NL,162,5496,699,1433,280,32,146,653,595,1130,177,73,0.261,0.337,0.403,0.740
,18,Atlanta Braves,NL,161,5495,708,1428,280,25,164,669,558,1028,76,39,0.260,0.331,0.409,0.741
,19,Philadelphia Phillies,NL,161,5523,710,1428,325,41,165,676,640,1095,104,43,0.259,0.339,0.422,0.761
,20,New York Mets,NL,161,5496,690,1409,238,22,160,650,486,1044,87,42,0.256,0.322,0.395,0.717
,21,Kansas City Royals,AL,162,5535,737,1415,285,42,140,695,524,921,140,65,0.256,0.323,0.398,0.721
,22,Cincinnati Reds,NL,162,5470,709,1386,297,21,169,678,583,1188,116,52,0.253,0.330,0.408,0.738
,23,Tampa Bay Devil Rays,AL,161,5604,673,1418,297,35,133,640,456,1115,102,45,0.253,0.314,0.390,0.704
,24,Milwaukee Brewers,NL,162,5415,627,1369,269,29,139,597,500,1125,94,50,0.253,0.320,0.390,0.711
,25,San Diego Padres,NL,162,5515,662,1393,243,29,136,627,547,1062,71,44,0.253,0.321,0.381,0.702
,26,Cleveland Indians,AL,162,5423,739,1349,255,26,192,706,542,1000,52,37,0.249,0.321,0.412,0.733
,27,Detroit Tigers,AL,161,5406,575,1340,265,37,124,546,363,1035,65,44,0.248,0.300,0.379,0.679
,28,Baltimore Orioles,AL,162,5491,667,1353,311,27,165,636,452,993,110,48,0.246,0.309,0.403,0.712
,29,Chicago Cubs,NL,162,5496,706,1351,259,29,200,676,585,1269,63,21,0.246,0.321,0.413,0.734
,30,Pittsburgh Pirates,NL,161,5330,641,1300,263,20,142,610,537,1109,86,49,0.244,0.319,0.381,0.700
2001,1,Colorado Rockies,NL,162,5690,923,1663,324,61,213,874,511,1027,132,54,0.292,0.354,0.483,0.837
,2,Seattle Mariners,AL,162,5680,927,1637,310,38,169,881,614,989,174,42,0.288,0.360,0.445,0.805
,3,Cleveland Indians,AL,162,5600,897,1559,294,37,212,868,577,1076,79,41,0.278,0.350,0.458,0.807
,4,Texas Rangers,AL,162,5685,890,1566,326,23,246,844,548,1093,97,32,0.275,0.344,0.471,0.815
,5,Minnesota Twins,AL,162,5560,771,1514,328,38,164,717,495,1083,146,67,0.272,0.337,0.433,0.770
,6,Houston Astros,NL,162,5528,847,1500,313,29,208,805,581,1119,64,49,0.271,0.347,0.451,0.798
,7,St. Louis Cardinals,NL,162,5450,814,1469,274,32,199,768,529,1089,91,35,0.270,0.339,0.441,0.780
,8,Chicago White Sox,AL,162,5464,798,1463,300,29,214,770,520,998,123,59,0.268,0.334,0.451,0.785
,9,Arizona Diamondbacks,NL,162,5595,818,1494,284,35,208,776,587,1052,71,38,0.267,0.341,0.442,0.783
,10,New York Yankees,AL,161,5577,804,1488,289,20,203,774,519,1035,161,53,0.267,0.334,0.435,0.769
,11,Boston Red Sox,AL,161,5605,772,1493,316,29,198,739,520,1131,46,35,0.266,0.334,0.439,0.773
,12,Kansas City Royals,AL,162,5643,729,1503,277,37,152,691,406,898,100,42,0.266,0.318,0.409,0.727
,13,San Francisco Giants,NL,162,5612,799,1493,304,40,235,775,625,1090,57,42,0.266,0.342,0.460,0.802
,14,Florida Marlins,NL,162,5542,742,1461,325,30,166,713,470,1145,89,40,0.264,0.326,0.423,0.749
,15,Oakland Athletics,AL,162,5573,884,1469,334,22,199,835,640,1021,68,29,0.264,0.345,0.439,0.784
,16,Toronto Blue Jays,AL,162,5663,767,1489,287,36,195,728,470,1094,156,55,0.263,0.325,0.430,0.755
,17,Cincinnati Reds,NL,162,5583,735,1464,304,22,176,690,468,1172,103,54,0.262,0.324,0.419,0.744
,18,Anaheim Angels,AL,162,5551,691,1447,275,26,158,662,494,1001,116,52,0.261,0.327,0.405,0.732
,19,Chicago Cubs,NL,162,5406,777,1409,268,32,194,748,577,1077,67,36,0.261,0.336,0.430,0.766
,20,Atlanta Braves,NL,162,5498,729,1432,263,24,174,696,493,1039,85,46,0.260,0.324,0.412,0.736
,21,Philadelphia Phillies,NL,162,5497,746,1431,295,29,164,708,551,1125,153,47,0.260,0.329,0.414,0.743
,22,Detroit Tigers,AL,162,5537,724,1439,291,60,139,691,466,972,133,61,0.260,0.320,0.409,0.730
,23,Tampa Bay Devil Rays,AL,162,5524,672,1426,311,21,121,645,456,1116,115,52,0.258,0.320,0.388,0.707
,24,Los Angeles Dodgers,NL,162,5493,758,1399,264,27,206,714,519,1062,89,42,0.255,0.323,0.425,0.748
,25,Montreal Expos,NL,162,5379,670,1361,320,28,131,622,478,1071,101,51,0.253,0.319,0.396,0.715
,26,San Diego Padres,NL,162,5482,789,1379,273,26,161,753,678,1273,129,44,0.252,0.336,0.399,0.735
,27,Milwaukee Brewers,NL,162,5488,740,1378,273,30,209,712,488,1399,66,36,0.251,0.319,0.426,0.745
,28,New York Mets,NL,162,5459,642,1361,273,18,147,608,545,1062,66,48,0.249,0.323,0.387,0.710
,29,Baltimore Orioles,AL,162,5472,687,1359,262,24,136,663,514,989,133,53,0.248,0.319,0.380,0.699
,30,Pittsburgh Pirates,NL,162,5398,657,1333,256,25,161,618,467,1106,93,73,0.247,0.313,0.393,0.706
2000,1,Colorado Rockies,NL,162,5660,968,1664,320,53,161,905,601,907,131,61,0.294,0.362,0.455,0.816
,2,Cleveland Indians,AL,162,5683,950,1639,310,30,221,889,685,1057,113,34,0.288,0.367,0.470,0.837
,3,Kansas City Royals,AL,162,5709,879,1644,281,27,150,831,511,840,121,35,0.288,0.348,0.425,0.773
,4,Chicago White Sox,AL,162,5646,978,1615,325,33,216,926,591,960,119,42,0.286,0.356,0.470,0.826
,5,Texas Rangers,AL,162,5648,848,1601,330,35,173,806,580,922,69,47,0.283,0.352,0.446,0.798
,6,Anaheim Angels,AL,162,5628,864,1574,309,34,236,837,608,1024,93,52,0.280,0.352,0.472,0.825
,7,San Francisco Giants,NL,162,5519,925,1535,304,44,226,889,709,1032,79,39,0.278,0.362,0.472,0.834
,8,Houston Astros,NL,162,5570,938,1547,289,36,249,900,673,1129,114,52,0.278,0.361,0.477,0.837
,9,New York Yankees,AL,161,5556,871,1541,294,25,205,833,631,1007,99,48,0.277,0.354,0.450,0.804
,10,Detroit Tigers,AL,162,5644,823,1553,307,41,177,785,562,982,83,38,0.275,0.343,0.438,0.781
,11,Toronto Blue Jays,AL,162,5677,861,1562,328,21,244,826,526,1026,89,34,0.275,0.341,0.469,0.810
,12,Cincinnati Reds,NL,163,5635,825,1545,302,36,200,794,559,995,99,38,0.274,0.343,0.447,0.790
,13,Baltimore Orioles,AL,162,5549,794,1508,310,22,184,750,558,900,126,65,0.272,0.341,0.435,0.776
,14,Atlanta Braves,NL,162,5489,810,1490,274,26,179,758,595,1010,148,56,0.271,0.346,0.429,0.775
,15,St. Louis Cardinals,NL,162,5478,887,1481,259,25,235,841,675,1253,87,51,0.270,0.356,0.455,0.812
,16,Minnesota Twins,AL,162,5615,748,1516,325,49,116,711,556,1021,90,45,0.270,0.337,0.407,0.744
,17,Oakland Athletics,AL,161,5560,947,1501,281,23,239,908,750,1159,40,15,0.270,0.360,0.458,0.817
,18,Seattle Mariners,AL,162,5497,907,1481,300,26,198,869,775,1073,122,56,0.269,0.361,0.442,0.803
,19,Boston Red Sox,AL,162,5630,792,1503,316,32,167,755,611,1019,43,30,0.267,0.341,0.423,0.764
,20,Pittsburgh Pirates,NL,162,5643,793,1506,320,31,168,749,564,1032,86,40,0.267,0.339,0.424,0.762
,21,Montreal Expos,NL,162,5535,738,1475,310,35,178,705,476,1048,58,48,0.266,0.326,0.432,0.758
,22,Arizona Diamondbacks,NL,162,5527,792,1466,282,44,179,756,535,975,97,44,0.265,0.333,0.429,0.763
,23,New York Mets,NL,162,5486,807,1445,282,20,198,761,675,1037,66,46,0.263,0.346,0.430,0.776
,24,Florida Marlins,NL,161,5509,731,1441,274,29,160,691,540,1184,168,55,0.262,0.331,0.409,0.740
,25,Los Angeles Dodgers,NL,162,5481,798,1408,265,28,211,756,668,1083,95,42,0.257,0.341,0.431,0.771
,26,Tampa Bay Devil Rays,AL,161,5505,733,1414,253,22,162,692,558,1022,90,46,0.257,0.329,0.399,0.728
,27,Chicago Cubs,NL,162,5577,764,1426,272,23,183,722,632,1120,93,37,0.256,0.335,0.411,0.746
,28,San Diego Padres,NL,162,5560,752,1413,279,37,157,714,602,1177,131,53,0.254,0.330,0.402,0.732
,29,Philadelphia Phillies,NL,162,5511,708,1386,304,40,144,668,611,1117,102,30,0.251,0.329,0.400,0.729
,30,Milwaukee Brewers,NL,163,5563,740,1366,297,25,177,708,620,1245,72,44,0.246,0.325,0.403,0.729