Year,RK,Team,League,W,L,ERA,G,GS,SV,SVO,IP,H,R,ER,HR,BB,SO,AVGâ–¼,WHIP
2018,1,Baltimore Orioles,AL,47,115,5.18,162,162,28,46,1431.0,1552,892,824,234,589,1203,0.276,1.50
,2,Kansas City Royals,AL,58,104,4.94,162,162,33,57,1432.0,1542,833,786,205,549,1157,0.275,1.46
,3,Texas Rangers,AL,67,95,4.92,162,162,42,56,1431.0,1516,848,783,222,491,1121,0.271,1.40
,4,Cincinnati Reds,NL,67,95,4.63,162,162,38,57,1441.0,1491,819,741,228,532,1258,0.266,1.40
,5,Toronto Blue Jays,AL,73,89,4.85,162,162,39,59,1433.2,1476,832,772,208,551,1298,0.265,1.41
,6,Detroit Tigers,AL,64,98,4.58,162,162,37,61,1425.1,1423,796,726,216,491,1215,0.258,1.34
,7,Minnesota Twins,AL,78,84,4.50,162,162,37,65,1443.1,1425,775,721,198,573,1377,0.256,1.38
,8,San Diego Padres,NL,66,96,4.40,162,162,36,53,1457.0,1430,767,713,185,519,1399,0.256,1.34
,9,Chicago White Sox,AL,62,100,4.83,162,162,34,53,1437.0,1404,848,771,196,653,1259,0.254,1.43
,10,Miami Marlins,NL,63,98,4.76,161,161,30,53,1442.0,1388,809,762,192,605,1249,0.254,1.38
,11,Seattle Mariners,AL,89,73,4.13,162,162,60,81,1448.2,1396,711,664,195,400,1328,0.252,1.24
,12,San Francisco Giants,NL,73,89,3.95,162,162,36,66,1461.1,1387,699,641,156,524,1269,0.251,1.31
,13,Pittsburgh Pirates,NL,82,79,4.00,161,161,40,60,1434.0,1380,693,637,174,497,1336,0.251,1.31
,14,Colorado Rockies,NL,91,72,4.33,163,163,51,78,1452.1,1377,745,699,184,525,1409,0.250,1.31
,15,Philadelphia Phillies,NL,80,82,4.14,162,162,44,64,1445.2,1366,728,665,171,500,1465,0.249,1.29
,16,Los Angeles Angels,AL,80,82,4.15,162,162,35,61,1437.1,1353,722,662,205,546,1386,0.248,1.32
,17,New York Mets,NL,77,85,4.07,162,162,41,59,1460.2,1364,707,661,185,484,1446,0.246,1.27
,18,St. Louis Cardinals,NL,88,74,3.85,162,162,43,64,1455.1,1354,691,622,144,593,1337,0.246,1.34
,19,Cleveland Indians,AL,91,71,3.77,162,162,41,58,1457.1,1349,648,611,200,407,1544,0.242,1.20
,20,Washington Nationals,NL,82,80,4.04,162,162,40,54,1446.0,1320,682,649,198,487,1417,0.242,1.25
,21,Chicago Cubs,NL,95,68,3.65,163,163,46,65,1476.1,1319,645,598,157,622,1333,0.240,1.31
,22,Arizona Diamondbacks,NL,82,80,3.72,162,162,39,66,1463.0,1313,644,605,174,522,1448,0.239,1.25
,23,Boston Red Sox,AL,108,54,3.75,162,162,46,66,1458.2,1305,647,608,176,512,1558,0.237,1.25
,24,New York Yankees,AL,100,62,3.78,162,162,49,67,1456.1,1311,669,611,177,494,1634,0.237,1.24
,25,Oakland Athletics,AL,97,65,3.81,162,162,44,62,1465.2,1303,674,621,184,474,1237,0.236,1.21
,26,Milwaukee Brewers,NL,96,67,3.73,163,163,49,74,1461.0,1259,659,606,173,553,1428,0.233,1.24
,27,Los Angeles Dodgers,NL,92,71,3.38,163,163,48,74,1476.0,1279,610,554,179,422,1565,0.230,1.15
,28,Tampa Bay Rays,AL,90,72,3.74,162,162,52,74,1448.1,1236,646,602,164,501,1421,0.230,1.20
,29,Atlanta Braves,NL,90,72,3.75,162,162,40,60,1456.2,1236,657,607,153,635,1423,0.229,1.28
,30,Houston Astros,AL,103,59,3.11,162,162,46,67,1455.0,1164,534,503,152,435,1687,0.217,1.10
2017,1,Detroit Tigers,AL,64,98,5.36,162,162,32,55,1420.1,1587,894,846,218,538,1202,0.282,1.50
,2,New York Mets,NL,70,92,5.01,162,162,34,54,1434.2,1538,863,799,220,593,1374,0.273,1.49
,3,Baltimore Orioles,AL,75,87,4.97,162,162,35,53,1441.0,1505,841,795,242,579,1233,0.269,1.45
,4,San Francisco Giants,NL,64,98,4.50,162,162,32,55,1452.0,1515,776,726,182,496,1234,0.268,1.38
,5,Minnesota Twins,AL,85,77,4.59,162,162,42,61,1436.0,1487,788,732,224,483,1166,0.266,1.37
,6,Kansas City Royals,AL,80,82,4.61,162,162,39,60,1437.2,1480,791,737,196,519,1216,0.265,1.39
,7,Philadelphia Phillies,NL,66,96,4.55,162,162,33,57,1441.0,1471,782,729,221,527,1309,0.265,1.39
,8,Colorado Rockies,NL,87,75,4.51,162,162,47,62,1437.2,1453,757,721,190,532,1270,0.264,1.38
,9,Pittsburgh Pirates,NL,75,87,4.22,162,162,36,57,1440.2,1464,731,676,182,511,1262,0.264,1.37
,10,Cincinnati Reds,NL,68,94,5.17,162,162,33,48,1430.0,1442,869,821,248,631,1300,0.263,1.45
,11,Atlanta Braves,NL,72,90,4.72,162,162,36,59,1441.1,1463,821,756,192,584,1258,0.263,1.42
,12,Miami Marlins,NL,77,85,4.82,162,162,34,61,1442.2,1450,822,772,193,627,1202,0.263,1.44
,13,Texas Rangers,AL,78,84,4.66,162,162,29,50,1434.1,1443,816,742,214,559,1107,0.261,1.40
,14,Oakland Athletics,AL,75,87,4.67,162,162,35,60,1431.0,1444,826,743,210,502,1202,0.261,1.36
,15,San Diego Padres,NL,71,91,4.67,162,162,45,62,1430.2,1417,816,742,226,554,1325,0.259,1.38
,16,Toronto Blue Jays,AL,76,86,4.42,162,162,45,72,1465.0,1460,784,720,203,549,1372,0.258,1.37
,17,Seattle Mariners,AL,78,84,4.46,162,162,39,65,1440.1,1399,772,713,237,490,1244,0.254,1.31
,18,Chicago White Sox,AL,67,95,4.78,162,162,25,40,1421.2,1384,820,755,242,632,1193,0.254,1.42
,19,St. Louis Cardinals,NL,83,79,4.01,162,162,43,60,1450.1,1393,705,646,183,493,1351,0.253,1.30
,20,Milwaukee Brewers,NL,86,76,4.00,162,162,54,79,1445.2,1381,697,642,185,553,1346,0.252,1.34
,21,Los Angeles Angels,AL,80,82,4.20,162,162,43,65,1440.2,1373,709,672,224,470,1312,0.251,1.28
,22,Boston Red Sox,AL,93,69,3.70,162,162,39,58,1482.1,1384,668,610,195,465,1580,0.245,1.25
,23,Tampa Bay Rays,AL,80,82,3.97,162,162,53,75,1445.0,1324,704,638,193,503,1352,0.242,1.26
,24,Arizona Diamondbacks,NL,93,69,3.66,162,162,43,63,1441.0,1309,659,586,171,516,1482,0.240,1.27
,25,Houston Astros,AL,101,61,4.12,162,162,45,67,1446.0,1314,700,662,192,522,1593,0.240,1.27
,26,Washington Nationals,NL,97,65,3.88,162,162,46,64,1446.2,1300,672,623,189,495,1457,0.239,1.24
,27,Chicago Cubs,NL,92,70,3.95,162,162,38,57,1447.1,1294,695,636,194,554,1439,0.238,1.28
,28,Cleveland Indians,AL,102,60,3.30,162,162,37,47,1440.2,1267,564,529,163,406,1614,0.236,1.16
,29,New York Yankees,AL,91,71,3.72,162,162,36,59,1448.2,1248,660,599,192,504,1560,0.228,1.21
,30,Los Angeles Dodgers,NL,104,58,3.38,162,162,51,68,1444.2,1226,580,543,184,442,1549,0.228,1.15
2016,1,Minnesota Twins,AL,59,103,5.08,162,162,26,46,1443.0,1617,889,814,221,479,1191,0.283,1.45
,2,Arizona Diamondbacks,NL,69,93,5.09,162,162,31,53,1451.1,1563,890,821,202,603,1318,0.275,1.49
,3,Colorado Rockies,NL,75,87,4.91,162,162,37,65,1429.1,1532,860,779,181,547,1223,0.274,1.45
,4,Los Angeles Angels,AL,74,88,4.28,162,162,29,50,1421.1,1480,727,676,208,498,1136,0.269,1.39
,5,Pittsburgh Pirates,NL,78,83,4.21,162,162,51,71,1450.2,1490,758,679,180,533,1232,0.267,1.39
,6,Philadelphia Phillies,NL,71,91,4.63,162,162,43,63,1437.0,1468,796,739,213,466,1299,0.265,1.35
,7,Milwaukee Brewers,NL,73,89,4.08,162,162,46,69,1434.1,1450,733,650,178,532,1175,0.263,1.38
,8,Cincinnati Reds,NL,68,94,4.91,162,162,28,53,1442.0,1457,854,786,258,636,1241,0.263,1.45
,9,Oakland Athletics,AL,69,93,4.51,162,162,42,65,1433.1,1459,761,718,185,464,1188,0.263,1.34
,10,Texas Rangers,AL,95,67,4.37,162,162,56,73,1443.0,1441,757,700,201,534,1154,0.260,1.37
,11,Detroit Tigers,AL,86,75,4.24,161,161,47,66,1428.0,1417,721,672,182,462,1232,0.260,1.32
,12,Kansas City Royals,AL,81,81,4.21,162,162,41,60,1440.0,1433,712,674,206,517,1287,0.259,1.35
,13,St. Louis Cardinals,NL,86,76,4.08,162,162,38,55,1448.1,1432,712,656,159,475,1290,0.258,1.32
,14,San Diego Padres,NL,68,94,4.43,162,162,35,53,1440.0,1425,770,708,183,569,1222,0.258,1.38
,15,Baltimore Orioles,AL,89,73,4.22,162,162,54,68,1432.0,1408,715,671,183,545,1248,0.258,1.36
,16,Chicago White Sox,AL,78,84,4.10,162,162,43,71,1446.2,1422,715,659,185,521,1270,0.257,1.34
,17,Atlanta Braves,NL,68,93,4.51,161,161,39,58,1447.2,1414,779,725,177,547,1227,0.256,1.35
,18,Houston Astros,AL,84,78,4.06,162,162,44,64,1468.0,1441,701,663,181,453,1396,0.256,1.29
,19,Tampa Bay Rays,AL,68,94,4.20,162,162,42,60,1426.1,1395,713,665,210,491,1357,0.255,1.32
,20,New York Mets,NL,87,75,3.57,162,162,55,71,1447.0,1397,617,574,152,439,1396,0.254,1.27
,21,Seattle Mariners,AL,86,76,4.00,162,162,49,74,1457.0,1410,707,647,213,460,1318,0.253,1.28
,22,Miami Marlins,NL,79,82,4.05,161,161,55,84,1435.0,1358,682,646,152,595,1379,0.251,1.36
,23,New York Yankees,AL,84,78,4.16,162,162,48,64,1428.1,1358,702,660,214,444,1393,0.248,1.26
,24,Boston Red Sox,AL,93,69,4.00,162,162,43,61,1439.2,1342,694,640,176,490,1362,0.246,1.27
,25,San Francisco Giants,NL,87,75,3.65,162,162,43,72,1460.1,1334,631,593,158,439,1309,0.243,1.21
,26,Cleveland Indians,AL,94,67,3.84,161,161,37,48,1445.0,1330,676,617,186,461,1398,0.243,1.24
,27,Toronto Blue Jays,AL,89,73,3.78,162,162,43,66,1459.1,1340,666,613,183,461,1314,0.242,1.23
,28,Washington Nationals,NL,95,67,3.51,162,162,46,60,1459.2,1272,612,570,155,468,1476,0.234,1.19
,29,Los Angeles Dodgers,NL,91,71,3.70,162,162,47,69,1453.0,1266,638,598,165,464,1510,0.233,1.19
,30,Chicago Cubs,NL,103,58,3.15,162,162,38,53,1459.2,1125,556,511,163,495,1441,0.212,1.11
2015,1,Colorado Rockies,NL,68,94,5.04,162,162,36,61,1426.1,1579,844,799,183,579,1112,0.283,1.51
,2,Philadelphia Phillies,NL,63,99,4.69,162,162,35,51,1436.1,1592,809,749,191,488,1153,0.280,1.45
,3,Minnesota Twins,AL,83,79,4.07,162,162,45,60,1443.0,1506,700,653,163,413,1046,0.269,1.33
,4,Atlanta Braves,NL,67,95,4.41,162,162,44,70,1425.1,1462,760,698,170,550,1148,0.268,1.41
,5,Detroit Tigers,AL,74,87,4.64,161,161,35,59,1447.0,1491,803,746,193,489,1100,0.268,1.37
,6,Boston Red Sox,AL,78,84,4.31,162,162,40,61,1448.1,1486,753,694,178,478,1218,0.264,1.36
,7,Texas Rangers,AL,88,74,4.24,162,162,45,62,1442.2,1459,733,680,171,508,1095,0.262,1.36
,8,Milwaukee Brewers,NL,68,94,4.28,162,162,40,53,1435.0,1432,737,682,176,517,1260,0.261,1.36
,9,Chicago White Sox,AL,76,86,3.98,162,162,37,52,1452.2,1443,701,643,162,474,1359,0.260,1.32
,10,Cincinnati Reds,NL,64,98,4.33,162,162,35,57,1453.1,1436,754,700,177,544,1252,0.258,1.36
,11,Arizona Diamondbacks,NL,79,83,4.04,162,162,44,65,1466.2,1450,713,659,182,500,1215,0.258,1.33
,12,Baltimore Orioles,AL,81,81,4.05,162,162,43,58,1434.2,1406,693,646,174,483,1233,0.257,1.32
,13,Seattle Mariners,AL,76,86,4.16,162,162,45,71,1463.0,1430,726,677,181,491,1283,0.256,1.31
,14,Miami Marlins,NL,71,91,4.02,162,162,35,56,1427.0,1374,678,638,141,508,1152,0.255,1.32
,15,Oakland Athletics,AL,68,94,4.14,162,162,28,53,1444.2,1402,729,664,172,474,1179,0.254,1.30
,16,New York Yankees,AL,87,75,4.03,162,162,48,60,1457.2,1416,698,652,182,474,1370,0.253,1.30
,17,San Diego Padres,NL,74,88,4.09,162,162,41,58,1440.1,1371,731,655,171,516,1393,0.252,1.31
,18,Washington Nationals,NL,83,79,3.62,162,162,41,64,1434.2,1366,635,577,145,364,1342,0.250,1.21
,19,Kansas City Royals,AL,95,67,3.73,162,162,56,76,1452.0,1372,641,601,155,489,1160,0.249,1.28
,20,Toronto Blue Jays,AL,93,69,3.80,162,162,34,56,1441.0,1353,670,609,173,397,1117,0.248,1.21
,21,Pittsburgh Pirates,NL,98,64,3.21,162,162,54,68,1489.2,1392,596,532,110,453,1338,0.248,1.24
,22,Los Angeles Angels,AL,85,77,3.94,162,162,46,67,1440.2,1355,675,630,166,466,1221,0.248,1.26
,23,St. Louis Cardinals,NL,100,62,2.94,162,162,62,77,1464.2,1359,525,478,123,477,1329,0.246,1.25
,24,San Francisco Giants,NL,84,78,3.72,162,162,41,56,1444.1,1344,627,597,155,431,1165,0.246,1.23
,25,New York Mets,NL,90,72,3.43,162,162,50,71,1462.2,1341,613,557,152,383,1337,0.243,1.18
,26,Los Angeles Dodgers,NL,92,70,3.44,162,162,47,68,1445.2,1317,595,553,145,395,1396,0.242,1.18
,27,Houston Astros,AL,86,76,3.57,162,162,39,58,1441.0,1308,618,572,148,423,1280,0.241,1.20
,28,Tampa Bay Rays,AL,80,82,3.74,162,162,60,87,1453.1,1314,642,604,175,477,1355,0.240,1.23
,29,Cleveland Indians,AL,81,80,3.67,161,161,38,50,1432.2,1274,640,584,161,425,1407,0.237,1.19
,30,Chicago Cubs,NL,97,65,3.36,162,162,48,67,1461.1,1276,608,546,134,407,1431,0.233,1.15
2014,1,Minnesota Twins,AL,70,92,4.57,162,162,38,58,1435.0,1588,777,728,147,408,1031,0.280,1.39
,2,Colorado Rockies,NL,66,96,4.84,162,162,24,49,1431.0,1528,818,770,173,531,1074,0.276,1.44
,3,Texas Rangers,AL,67,95,4.49,162,162,33,47,1426.1,1510,773,711,160,505,1110,0.272,1.41
,4,Arizona Diamondbacks,NL,64,98,4.26,162,162,35,56,1444.1,1467,742,683,154,469,1278,0.265,1.34
,5,Chicago White Sox,AL,73,89,4.29,162,162,36,57,1441.0,1468,758,687,140,557,1152,0.265,1.41
,6,Miami Marlins,NL,77,85,3.78,162,162,42,64,1457.2,1481,674,613,114,458,1190,0.264,1.33
,7,Detroit Tigers,AL,90,72,4.01,162,162,41,57,1454.0,1475,705,648,127,462,1244,0.263,1.33
,8,Houston Astros,AL,70,92,4.11,162,162,31,56,1438.2,1437,723,657,139,484,1137,0.260,1.34
,9,Boston Red Sox,AL,71,91,4.01,162,162,36,54,1465.2,1458,715,653,154,482,1213,0.260,1.32
,10,Toronto Blue Jays,AL,83,79,4.00,162,162,45,64,1443.0,1400,686,642,151,490,1199,0.253,1.31
,11,Philadelphia Phillies,NL,73,89,3.79,162,162,40,56,1468.1,1396,687,619,134,521,1255,0.252,1.31
,12,Chicago Cubs,NL,73,89,3.91,162,162,37,57,1463.1,1398,707,636,115,504,1311,0.252,1.30
,13,Atlanta Braves,NL,79,83,3.38,162,162,54,67,1455.0,1369,597,547,121,472,1301,0.251,1.27
,14,Kansas City Royals,AL,89,73,3.51,162,162,53,65,1450.2,1386,624,565,128,440,1168,0.250,1.26
,15,New York Yankees,AL,84,78,3.75,162,162,48,69,1453.0,1392,664,605,164,398,1370,0.250,1.23
,16,Milwaukee Brewers,NL,82,80,3.67,162,162,45,65,1457.2,1386,657,594,167,431,1246,0.250,1.25
,17,Cleveland Indians,AL,85,77,3.56,162,162,40,63,1468.1,1398,653,581,135,464,1450,0.250,1.27
,18,New York Mets,NL,79,83,3.49,162,162,42,64,1463.2,1370,618,568,141,509,1303,0.248,1.28
,19,Pittsburgh Pirates,NL,88,74,3.47,162,162,48,72,1456.1,1341,631,562,128,499,1228,0.247,1.26
,20,Washington Nationals,NL,96,66,3.03,162,162,45,62,1470.2,1351,555,495,110,352,1288,0.244,1.16
,21,Baltimore Orioles,AL,96,66,3.43,162,162,53,72,1461.1,1342,593,557,151,472,1174,0.244,1.24
,22,Los Angeles Dodgers,NL,94,68,3.40,162,162,47,61,1464.2,1338,617,554,142,429,1373,0.242,1.21
,23,St. Louis Cardinals,NL,90,72,3.50,162,162,55,71,1448.2,1321,603,564,123,470,1221,0.242,1.24
,24,San Diego Padres,NL,77,85,3.27,162,162,41,49,1438.2,1300,577,523,117,462,1284,0.241,1.22
,25,San Francisco Giants,NL,88,74,3.50,162,162,46,64,1449.0,1305,614,564,133,389,1211,0.241,1.17
,26,Cincinnati Reds,NL,76,86,3.59,162,162,44,63,1446.0,1282,612,576,163,507,1290,0.237,1.24
,27,Los Angeles Angels,AL,98,64,3.58,162,162,46,62,1482.2,1307,630,590,126,504,1342,0.236,1.22
,28,Tampa Bay Rays,AL,77,85,3.56,162,162,37,56,1463.2,1292,625,579,145,482,1437,0.234,1.21
,29,Oakland Athletics,AL,88,74,3.22,162,162,31,52,1463.1,1269,572,524,147,406,1244,0.233,1.14
,30,Seattle Mariners,AL,87,75,3.17,162,162,51,62,1452.0,1240,554,512,137,463,1317,0.230,1.17
2013,1,Minnesota Twins,AL,66,96,4.55,162,162,40,58,1450.1,1591,788,733,168,458,985,0.280,1.41
,2,Colorado Rockies,NL,74,88,4.44,162,162,35,53,1436.0,1545,760,708,136,517,1064,0.277,1.44
,3,Houston Astros,AL,51,111,4.79,162,162,32,61,1440.0,1530,848,766,191,616,1084,0.272,1.49
,4,Philadelphia Phillies,NL,73,89,4.32,162,162,32,48,1436.1,1465,749,689,152,506,1199,0.265,1.37
,5,Los Angeles Angels,AL,78,84,4.23,162,162,41,58,1457.2,1475,737,685,167,533,1200,0.261,1.38
,6,New York Yankees,AL,85,77,3.94,162,162,49,62,1447.1,1452,671,633,171,437,1233,0.261,1.31
,7,Baltimore Orioles,AL,85,77,4.20,162,162,57,84,1453.0,1438,709,678,202,473,1169,0.259,1.32
,8,Seattle Mariners,AL,71,91,4.31,162,162,43,66,1465.0,1467,754,702,174,478,1297,0.259,1.33
,9,Toronto Blue Jays,AL,74,88,4.25,162,162,39,58,1452.0,1451,756,685,195,500,1208,0.259,1.34
,10,Arizona Diamondbacks,NL,81,81,3.92,162,162,38,67,1495.0,1460,695,651,176,485,1218,0.257,1.30
,11,New York Mets,NL,74,88,3.77,162,162,40,58,1476.2,1442,684,618,152,458,1209,0.256,1.29
,12,Chicago White Sox,AL,63,99,3.98,162,162,40,60,1455.0,1424,723,643,182,509,1249,0.256,1.33
,13,Milwaukee Brewers,NL,74,88,3.84,162,162,40,63,1442.2,1401,687,615,175,466,1125,0.255,1.29
,14,San Diego Padres,NL,76,86,3.98,162,162,40,53,1455.0,1407,700,643,156,525,1171,0.255,1.33
,15,San Francisco Giants,NL,76,86,4.00,162,162,41,54,1447.1,1380,691,643,145,521,1256,0.251,1.31
,16,Miami Marlins,NL,62,100,3.71,162,162,36,53,1460.0,1376,646,602,121,526,1177,0.251,1.30
,17,Kansas City Royals,AL,86,76,3.45,162,162,52,73,1448.1,1366,601,555,155,469,1208,0.250,1.27
,18,Washington Nationals,NL,86,76,3.59,162,162,47,68,1445.2,1367,626,576,142,405,1236,0.249,1.23
,19,St. Louis Cardinals,NL,97,65,3.42,162,162,44,64,1459.2,1366,596,555,112,451,1254,0.249,1.24
,20,Cleveland Indians,AL,92,70,3.82,162,162,38,60,1441.1,1359,662,611,147,554,1379,0.249,1.33
,21,Boston Red Sox,AL,97,65,3.79,162,162,33,57,1454.0,1366,656,613,156,524,1294,0.248,1.30
,22,Texas Rangers,AL,91,72,3.62,163,163,46,57,1463.1,1370,636,589,157,498,1309,0.248,1.28
,23,Detroit Tigers,AL,93,69,3.61,162,162,39,55,1462.2,1369,624,587,128,462,1428,0.247,1.25
,24,Chicago Cubs,NL,66,96,4.00,162,162,39,65,1448.0,1332,689,643,160,540,1184,0.244,1.29
,25,Atlanta Braves,NL,96,66,3.18,162,162,53,69,1450.1,1326,548,512,127,409,1232,0.244,1.20
,26,Los Angeles Dodgers,NL,92,70,3.25,162,162,46,65,1450.1,1321,582,524,127,460,1292,0.243,1.23
,27,Oakland Athletics,AL,96,66,3.56,162,162,46,67,1452.0,1339,625,574,163,428,1183,0.242,1.22
,28,Tampa Bay Rays,AL,92,71,3.74,163,163,42,60,1464.0,1315,646,608,153,482,1310,0.240,1.23
,29,Pittsburgh Pirates,NL,94,68,3.26,162,162,55,70,1470.2,1299,577,533,101,515,1261,0.238,1.23
,30,Cincinnati Reds,NL,90,72,3.38,162,162,43,59,1473.2,1294,589,554,170,435,1296,0.236,1.17
2012,1,Colorado Rockies,NL,64,98,5.22,162,162,36,63,1422.0,1637,890,824,198,566,1144,0.290,1.55
,2,Minnesota Twins,AL,66,96,4.77,162,162,35,49,1438.2,1536,832,762,198,465,943,0.274,1.39
,3,Kansas City Royals,AL,72,90,4.30,162,162,44,64,1451.1,1504,746,693,163,542,1177,0.270,1.41
,4,Houston Astros,NL,55,107,4.56,162,162,31,50,1423.1,1493,794,721,173,540,1170,0.270,1.43
,5,Cleveland Indians,AL,68,94,4.78,162,162,43,56,1442.0,1503,845,766,174,543,1086,0.268,1.42
,6,Miami Marlins,NL,69,93,4.09,162,162,38,60,1440.2,1448,724,655,133,495,1113,0.263,1.35
,7,Boston Red Sox,AL,69,93,4.70,162,162,35,57,1443.0,1449,806,754,190,529,1176,0.262,1.37
,8,Toronto Blue Jays,AL,73,89,4.64,162,162,29,44,1443.2,1439,784,745,204,574,1142,0.261,1.39
,9,Arizona Diamondbacks,NL,81,81,3.93,162,162,39,59,1433.2,1432,688,626,155,417,1200,0.261,1.29
,10,Milwaukee Brewers,NL,83,79,4.22,162,162,44,73,1453.2,1458,733,682,169,525,1402,0.261,1.36
,11,Chicago Cubs,NL,61,101,4.51,162,162,28,49,1413.2,1399,759,708,175,573,1128,0.259,1.39
,12,Detroit Tigers,AL,88,74,3.75,162,162,40,56,1430.2,1409,670,596,151,438,1318,0.256,1.29
,13,St. Louis Cardinals,NL,88,74,3.71,162,162,42,64,1462.2,1420,648,603,134,436,1218,0.255,1.27
,14,New York Yankees,AL,95,67,3.84,162,162,51,64,1445.1,1401,668,617,190,431,1318,0.253,1.27
,15,Baltimore Orioles,AL,93,69,3.90,162,162,55,73,1483.0,1433,705,642,184,481,1177,0.252,1.29
,16,Philadelphia Phillies,NL,81,81,3.83,162,162,42,61,1451.1,1387,680,618,178,409,1385,0.251,1.24
,17,New York Mets,NL,74,88,4.09,162,162,36,55,1434.0,1368,709,651,161,488,1240,0.251,1.29
,18,Texas Rangers,AL,93,69,3.99,162,162,43,52,1442.0,1378,707,639,175,446,1286,0.250,1.26
,19,Chicago White Sox,AL,85,77,4.02,162,162,37,57,1445.2,1365,676,646,186,503,1246,0.250,1.29
,20,Pittsburgh Pirates,NL,79,83,3.86,162,162,45,59,1433.1,1357,674,615,153,490,1192,0.249,1.29
,21,San Diego Padres,NL,76,86,4.01,162,162,43,60,1434.2,1356,710,640,162,539,1205,0.248,1.32
,22,Seattle Mariners,AL,75,87,3.76,162,162,43,62,1456.2,1359,651,608,166,449,1166,0.248,1.24
,23,San Francisco Giants,NL,94,68,3.68,162,162,53,67,1451.0,1361,649,593,142,489,1237,0.248,1.27
,24,Cincinnati Reds,NL,97,65,3.34,162,162,56,74,1453.0,1356,588,540,152,427,1248,0.247,1.23
,25,Los Angeles Angels,AL,89,73,4.02,162,162,38,60,1433.1,1339,699,640,186,483,1157,0.246,1.27
,26,Oakland Athletics,AL,94,68,3.48,162,162,47,64,1470.0,1360,614,569,147,462,1136,0.245,1.24
,27,Atlanta Braves,NL,94,68,3.42,162,162,47,60,1445.1,1310,600,549,145,464,1232,0.243,1.23
,28,Los Angeles Dodgers,NL,86,76,3.34,162,162,40,59,1449.2,1277,597,538,122,539,1276,0.238,1.25
,29,Washington Nationals,NL,98,64,3.33,162,162,51,68,1468.1,1296,594,543,129,497,1325,0.237,1.22
,30,Tampa Bay Rays,AL,90,72,3.19,162,162,50,58,1459.2,1233,577,518,139,469,1383,0.228,1.17
2011,1,Minnesota Twins,AL,63,99,4.58,162,162,32,52,1421.2,1564,804,724,161,480,940,0.281,1.44
,2,Baltimore Orioles,AL,69,93,4.89,162,162,32,51,1446.2,1568,860,786,210,535,1044,0.277,1.45
,3,Pittsburgh Pirates,NL,72,90,4.04,162,162,43,65,1449.1,1513,712,650,152,535,1031,0.270,1.41
,4,Kansas City Royals,AL,71,91,4.44,162,162,37,59,1451.1,1487,762,716,163,557,1080,0.267,1.41
,5,Houston Astros,NL,56,106,4.51,162,162,25,50,1435.0,1477,796,719,188,560,1191,0.266,1.42
,6,Colorado Rockies,NL,73,89,4.43,162,162,41,64,1447.2,1471,774,713,176,522,1118,0.265,1.38
,7,New York Mets,NL,77,85,4.19,162,162,43,67,1448.0,1482,742,674,147,514,1126,0.265,1.38
,8,Cleveland Indians,AL,80,82,4.23,162,162,38,54,1453.1,1482,760,683,153,463,1024,0.263,1.34
,9,Chicago Cubs,NL,71,91,4.33,162,162,40,64,1434.1,1439,756,690,162,580,1224,0.262,1.41
,10,Chicago White Sox,AL,79,83,4.10,162,162,42,62,1460.0,1463,706,665,147,439,1220,0.261,1.30
,11,St. Louis Cardinals,NL,90,72,3.74,162,162,47,73,1462.0,1461,692,608,136,448,1098,0.261,1.31
,12,Arizona Diamondbacks,NL,94,68,3.80,162,162,58,71,1443.1,1414,662,609,159,442,1058,0.257,1.29
,13,Detroit Tigers,AL,95,67,4.04,162,162,52,62,1440.0,1406,711,647,149,492,1115,0.257,1.32
,14,Toronto Blue Jays,AL,81,81,4.32,162,162,33,58,1458.2,1433,761,700,179,540,1169,0.256,1.35
,15,New York Yankees,AL,97,65,3.73,162,162,47,63,1458.1,1423,657,605,152,507,1222,0.256,1.32
,16,Washington Nationals,NL,80,81,3.58,161,161,49,77,1449.1,1403,643,577,129,477,1049,0.256,1.30
,17,Cincinnati Reds,NL,79,83,4.16,162,162,39,61,1467.2,1414,720,678,185,539,1112,0.255,1.33
,18,Florida Marlins,NL,72,90,3.95,162,162,40,59,1459.2,1403,702,640,149,500,1218,0.253,1.30
,19,Los Angeles Angels,AL,86,76,3.57,162,162,39,64,1465.0,1388,633,581,142,476,1058,0.251,1.27
,20,Seattle Mariners,AL,67,95,3.90,162,162,39,55,1433.0,1369,675,621,145,436,1088,0.251,1.26
,21,Oakland Athletics,AL,74,88,3.71,162,162,39,57,1447.2,1380,679,597,136,519,1160,0.250,1.31
,22,Boston Red Sox,AL,90,72,4.20,162,162,36,52,1457.1,1366,737,680,156,540,1213,0.247,1.31
,23,Milwaukee Brewers,NL,96,66,3.63,162,162,47,66,1441.2,1348,638,582,147,440,1257,0.246,1.24
,24,San Diego Padres,NL,71,91,3.42,162,162,44,62,1449.1,1324,611,551,125,521,1139,0.245,1.27
,25,Texas Rangers,AL,96,66,3.79,162,162,38,57,1441.1,1327,677,607,170,461,1179,0.244,1.24
,26,Los Angeles Dodgers,NL,82,79,3.54,161,161,40,53,1432.0,1287,612,563,132,507,1265,0.241,1.25
,27,Atlanta Braves,NL,89,73,3.48,162,162,52,77,1479.2,1332,605,572,125,521,1332,0.240,1.25
,28,Philadelphia Phillies,NL,102,60,3.02,162,162,47,56,1477.0,1320,529,495,120,404,1299,0.240,1.17
,29,Tampa Bay Rays,AL,91,71,3.58,162,162,32,44,1449.0,1263,614,577,161,504,1143,0.234,1.22
,30,San Francisco Giants,NL,86,76,3.20,162,162,52,66,1468.0,1260,578,522,96,559,1316,0.232,1.24
2010,1,Pittsburgh Pirates,NL,57,105,5.00,162,162,31,48,1411.2,1567,866,784,167,538,1026,0.282,1.49
,2,Kansas City Royals,AL,67,95,4.97,162,162,44,65,1436.2,1553,845,794,176,551,1035,0.276,1.46
,3,Arizona Diamondbacks,NL,65,97,4.81,162,162,35,59,1432.0,1503,836,765,210,548,1070,0.271,1.43
,4,Baltimore Orioles,AL,66,96,4.59,162,162,35,62,1436.1,1508,785,733,186,520,1007,0.270,1.41
,5,Cleveland Indians,AL,69,93,4.30,162,162,34,50,1433.0,1477,752,684,147,572,967,0.269,1.43
,6,Milwaukee Brewers,NL,77,85,4.58,162,162,35,56,1439.0,1487,804,733,173,582,1258,0.267,1.44
,7,Minnesota Twins,AL,94,68,3.95,162,162,40,58,1452.2,1493,671,638,155,383,1048,0.266,1.29
,8,Washington Nationals,NL,69,93,4.13,162,162,37,57,1435.0,1469,742,658,151,512,1068,0.266,1.38
,9,Chicago White Sox,AL,88,74,4.09,162,162,43,57,1446.1,1471,704,658,136,490,1149,0.264,1.36
,10,Detroit Tigers,AL,81,81,4.30,162,162,32,45,1444.1,1445,743,690,142,537,1056,0.262,1.37
,11,Houston Astros,NL,76,86,4.09,162,162,45,60,1439.1,1446,729,654,140,548,1210,0.261,1.39
,12,Florida Marlins,NL,80,82,4.08,162,162,39,64,1438.1,1433,717,652,134,549,1168,0.261,1.38
,13,New York Mets,NL,79,83,3.70,162,162,36,52,1453.0,1438,652,597,135,545,1106,0.260,1.36
,14,Colorado Rockies,NL,83,79,4.14,162,162,35,56,1442.0,1405,717,663,139,525,1234,0.257,1.34
,15,St. Louis Cardinals,NL,86,76,3.57,162,162,32,42,1453.2,1412,641,577,133,477,1094,0.256,1.30
,16,Los Angeles Angels,AL,80,82,4.04,162,162,39,56,1449.1,1422,702,651,148,565,1130,0.256,1.37
,17,Toronto Blue Jays,AL,85,77,4.22,162,162,45,61,1440.2,1407,728,676,150,539,1184,0.255,1.35
,18,Chicago Cubs,NL,75,87,4.18,162,162,40,54,1436.2,1409,767,668,154,605,1268,0.255,1.40
,19,Seattle Mariners,AL,61,101,3.93,162,162,38,55,1438.0,1402,698,628,157,452,973,0.255,1.29
,20,Cincinnati Reds,NL,91,71,4.01,162,162,43,63,1453.0,1404,685,648,158,524,1130,0.254,1.33
,21,Philadelphia Phillies,NL,97,65,3.67,162,162,40,59,1456.1,1402,640,594,168,416,1183,0.254,1.25
,22,Boston Red Sox,AL,89,73,4.20,162,162,44,66,1456.2,1402,744,679,152,580,1207,0.253,1.36
,23,New York Yankees,AL,95,67,4.06,162,162,39,57,1442.1,1349,693,651,179,540,1154,0.249,1.31
,24,Atlanta Braves,NL,91,71,3.56,162,162,41,58,1439.1,1326,629,569,126,505,1241,0.246,1.27
,25,Texas Rangers,AL,90,72,3.93,162,162,46,66,1455.1,1355,687,636,162,551,1181,0.246,1.31
,26,Oakland Athletics,AL,81,81,3.56,162,162,38,51,1431.2,1315,626,566,153,512,1070,0.245,1.28
,27,Tampa Bay Rays,AL,96,66,3.78,162,162,51,67,1453.2,1347,649,611,175,478,1189,0.244,1.26
,28,Los Angeles Dodgers,NL,80,82,4.01,162,162,41,59,1441.2,1323,692,643,134,539,1274,0.244,1.29
,29,San Diego Padres,NL,90,72,3.39,162,162,49,64,1456.1,1305,581,549,139,517,1295,0.240,1.25
,30,San Francisco Giants,NL,92,70,3.36,162,162,57,73,1461.0,1279,583,546,134,578,1331,0.236,1.27
2009,1,Baltimore Orioles,AL,64,98,5.15,162,162,31,53,1429.0,1633,876,817,218,546,933,0.288,1.52
,2,Cleveland Indians,AL,65,97,5.06,162,162,25,43,1434.0,1570,865,806,183,598,986,0.280,1.51
,3,Washington Nationals,NL,59,103,5.00,162,162,33,58,1424.1,1533,874,791,173,629,911,0.276,1.52
,4,Pittsburgh Pirates,NL,62,99,4.59,161,161,28,45,1418.1,1491,768,723,152,563,919,0.276,1.45
,5,Houston Astros,NL,74,88,4.54,162,162,39,65,1430.0,1521,770,722,176,546,1144,0.275,1.45
,6,Minnesota Twins,AL,87,76,4.50,163,163,48,64,1453.0,1542,765,726,185,466,1052,0.272,1.38
,7,Los Angeles Angels,AL,97,65,4.45,162,162,51,70,1445.0,1513,761,715,180,523,1062,0.272,1.41
,8,Toronto Blue Jays,AL,75,87,4.47,162,162,25,41,1451.0,1509,771,720,181,551,1181,0.270,1.42
,9,Kansas City Royals,AL,65,97,4.83,162,162,34,56,1426.0,1486,842,765,166,600,1153,0.269,1.46
,10,Milwaukee Brewers,NL,80,82,4.83,162,162,44,66,1435.0,1498,818,770,207,607,1104,0.268,1.47
,11,Boston Red Sox,AL,95,67,4.35,162,162,41,59,1436.2,1494,736,695,167,530,1230,0.267,1.41
,12,Oakland Athletics,AL,75,87,4.26,162,162,38,50,1447.1,1486,761,685,156,523,1124,0.265,1.39
,13,Philadelphia Phillies,NL,93,69,4.16,162,162,44,66,1455.2,1479,709,673,189,489,1153,0.265,1.35
,14,New York Mets,NL,70,92,4.45,162,162,39,60,1426.0,1452,757,705,158,616,1031,0.264,1.45
,15,Arizona Diamondbacks,NL,70,92,4.42,162,162,36,55,1447.2,1470,782,711,168,525,1158,0.263,1.38
,16,Detroit Tigers,AL,86,77,4.29,163,163,42,66,1447.0,1449,745,690,182,594,1102,0.263,1.41
,17,Colorado Rockies,NL,92,70,4.22,162,162,45,61,1438.1,1427,715,675,141,528,1154,0.261,1.36
,18,Chicago White Sox,AL,79,83,4.14,162,162,36,54,1439.2,1438,732,663,169,507,1119,0.261,1.35
,19,Texas Rangers,AL,87,75,4.38,162,162,45,58,1434.2,1432,740,698,171,531,1016,0.260,1.37
,20,Cincinnati Reds,NL,78,84,4.18,162,162,41,53,1458.1,1420,723,677,188,577,1069,0.258,1.37
,21,St. Louis Cardinals,NL,91,71,3.66,162,162,43,58,1440.2,1407,640,586,123,460,1049,0.258,1.30
,22,San Diego Padres,NL,75,87,4.37,162,162,45,68,1450.2,1422,769,704,167,603,1187,0.258,1.40
,23,Florida Marlins,NL,87,75,4.29,162,162,45,69,1446.1,1425,766,690,160,601,1248,0.257,1.40
,24,Tampa Bay Rays,AL,84,78,4.33,162,162,41,63,1427.1,1421,754,686,183,515,1125,0.257,1.36
,25,Atlanta Braves,NL,86,76,3.57,162,162,38,60,1462.2,1399,641,581,119,530,1232,0.254,1.32
,26,New York Yankees,AL,103,59,4.26,162,162,51,66,1450.0,1386,753,687,181,574,1260,0.251,1.35
,27,Seattle Mariners,AL,85,77,3.87,162,162,49,77,1452.2,1359,692,625,172,534,1043,0.247,1.30
,28,Chicago Cubs,NL,83,78,3.84,161,161,40,58,1445.1,1329,672,616,160,586,1272,0.246,1.32
,29,San Francisco Giants,NL,88,74,3.55,162,162,41,58,1446.0,1268,611,571,140,584,1302,0.236,1.28
,30,Los Angeles Dodgers,NL,95,67,3.41,162,162,44,70,1473.1,1265,611,558,127,584,1272,0.233,1.25
2008,1,Texas Rangers,AL,79,83,5.37,162,162,36,64,1442.0,1647,967,860,176,625,963,0.288,1.58
,2,Pittsburgh Pirates,NL,67,95,5.08,162,162,34,56,1455.0,1631,884,822,176,657,963,0.286,1.57
,3,Baltimore Orioles,AL,68,93,5.13,161,161,35,59,1422.0,1538,869,810,184,687,922,0.277,1.56
,4,Seattle Mariners,AL,61,101,4.73,162,162,36,67,1435.1,1544,811,754,161,626,1016,0.276,1.51
,5,Colorado Rockies,NL,74,88,4.77,162,162,36,59,1446.0,1547,822,766,148,562,1041,0.276,1.46
,6,Cincinnati Reds,NL,74,88,4.55,162,162,34,55,1442.1,1542,800,729,201,557,1227,0.275,1.46
,7,Minnesota Twins,AL,88,75,4.16,163,163,42,65,1459.0,1568,745,675,183,406,995,0.274,1.35
,8,Detroit Tigers,AL,74,88,4.90,162,162,34,62,1445.0,1541,857,786,172,644,991,0.274,1.51
,9,Cleveland Indians,AL,81,81,4.45,162,162,31,51,1437.0,1530,761,711,170,444,986,0.273,1.37
,10,Washington Nationals,NL,59,102,4.66,161,161,28,56,1434.0,1496,825,742,190,588,1063,0.270,1.45
,11,St. Louis Cardinals,NL,86,76,4.19,162,162,42,73,1454.0,1517,725,677,163,496,957,0.270,1.38
,12,New York Yankees,AL,89,73,4.28,162,162,42,51,1441.2,1478,727,685,143,489,1141,0.266,1.36
,13,Kansas City Royals,AL,75,87,4.48,162,162,44,60,1445.2,1473,781,720,159,515,1085,0.264,1.38
,14,Houston Astros,NL,86,75,4.36,161,161,48,65,1425.1,1453,743,691,197,492,1095,0.264,1.36
,15,San Diego Padres,NL,63,99,4.41,162,162,30,56,1458.1,1466,764,714,165,561,1100,0.263,1.39
,16,Atlanta Braves,NL,72,90,4.46,162,162,26,44,1440.2,1439,778,714,156,586,1076,0.263,1.41
,17,Los Angeles Angels,AL,100,62,3.99,162,162,66,89,1451.1,1455,697,644,160,457,1106,0.261,1.32
,18,Chicago White Sox,AL,89,74,4.06,163,163,34,52,1457.2,1471,729,658,156,460,1147,0.261,1.32
,19,Philadelphia Phillies,NL,92,70,3.88,162,162,47,62,1449.2,1444,680,625,160,533,1081,0.260,1.36
,20,Florida Marlins,NL,84,77,4.43,161,161,36,60,1435.1,1421,767,707,161,586,1127,0.258,1.40
,21,San Francisco Giants,NL,72,90,4.38,162,162,41,60,1442.0,1416,759,701,147,652,1240,0.258,1.43
,22,Arizona Diamondbacks,NL,82,80,3.98,162,162,39,62,1434.2,1403,706,635,147,451,1229,0.256,1.29
,23,Milwaukee Brewers,NL,90,72,3.85,162,162,45,71,1455.2,1415,689,623,175,528,1110,0.256,1.33
,24,New York Mets,NL,89,73,4.07,162,162,43,72,1464.1,1415,715,662,163,590,1181,0.254,1.37
,25,Oakland Athletics,AL,75,86,4.01,161,161,33,52,1435.0,1364,690,640,135,576,1061,0.253,1.35
,26,Los Angeles Dodgers,NL,84,78,3.68,162,162,35,55,1447.1,1381,648,591,123,480,1205,0.251,1.29
,27,Boston Red Sox,AL,95,67,4.01,162,162,47,69,1446.1,1369,694,645,147,548,1185,0.250,1.33
,28,Tampa Bay Rays,AL,97,65,3.82,162,162,52,68,1457.2,1349,671,618,166,526,1143,0.246,1.29
,29,Toronto Blue Jays,AL,86,76,3.49,162,162,44,56,1446.2,1330,610,561,134,467,1184,0.244,1.24
,30,Chicago Cubs,NL,97,64,3.87,161,161,44,68,1450.2,1329,671,624,160,548,1264,0.242,1.29
2007,1,Tampa Bay Devil Rays,AL,66,96,5.53,162,162,28,50,1429.2,1649,944,879,199,568,1194,0.290,1.55
,2,Pittsburgh Pirates,NL,68,94,4.93,162,162,32,51,1447.2,1627,846,793,174,518,997,0.288,1.48
,3,Florida Marlins,NL,71,91,4.94,162,162,40,65,1443.2,1617,891,793,176,661,1142,0.285,1.58
,4,Cincinnati Reds,NL,72,90,4.94,162,162,34,62,1449.2,1605,853,796,198,482,1068,0.282,1.44
,5,Seattle Mariners,AL,88,74,4.73,162,162,43,58,1434.1,1578,813,754,147,546,1020,0.281,1.48
,6,Kansas City Royals,AL,69,93,4.48,162,162,36,54,1437.1,1547,778,716,168,520,993,0.277,1.44
,7,Chicago White Sox,AL,72,90,4.77,162,162,42,65,1440.2,1556,839,763,174,499,1015,0.276,1.43
,8,Philadelphia Phillies,NL,89,73,4.73,162,162,42,63,1458.1,1555,821,767,198,558,1050,0.276,1.45
,9,Texas Rangers,AL,75,87,4.75,162,162,42,57,1430.0,1525,844,755,155,668,976,0.274,1.53
,10,Houston Astros,NL,73,89,4.68,162,162,38,64,1464.2,1566,813,761,206,510,1109,0.273,1.42
,11,St. Louis Cardinals,NL,78,84,4.65,162,162,34,45,1435.2,1514,829,741,168,509,945,0.271,1.41
,12,Minnesota Twins,AL,79,83,4.15,162,162,38,52,1436.2,1505,725,663,185,420,1094,0.269,1.34
,13,Milwaukee Brewers,NL,83,79,4.41,162,162,49,69,1444.1,1513,776,708,161,507,1174,0.269,1.40
,14,Washington Nationals,NL,73,89,4.58,162,162,46,74,1446.2,1502,783,736,187,580,931,0.269,1.44
,15,Cleveland Indians,AL,96,66,4.05,162,162,49,64,1462.2,1519,704,658,146,410,1047,0.268,1.32
,16,Baltimore Orioles,AL,69,93,5.17,162,162,30,55,1438.2,1491,868,827,161,696,1087,0.268,1.52
,17,New York Yankees,AL,94,68,4.49,162,162,34,55,1450.2,1498,777,724,150,578,1009,0.268,1.43
,18,Colorado Rockies,NL,90,73,4.32,163,163,39,68,1472.0,1497,758,706,164,504,967,0.266,1.36
,19,Detroit Tigers,AL,88,74,4.57,162,162,44,65,1447.1,1498,797,735,174,566,1047,0.266,1.43
,20,Los Angeles Angels,AL,94,68,4.23,162,162,43,57,1435.0,1480,731,674,151,477,1156,0.266,1.36
,21,Oakland Athletics,AL,76,86,4.28,162,162,36,61,1448.0,1468,758,689,138,530,1036,0.263,1.38
,22,Arizona Diamondbacks,NL,90,72,4.13,162,162,51,66,1441.0,1446,732,662,169,546,1088,0.262,1.38
,23,Los Angeles Dodgers,NL,82,80,4.20,162,162,43,60,1450.0,1443,727,677,146,518,1184,0.261,1.35
,24,San Francisco Giants,NL,71,91,4.19,162,162,37,60,1453.2,1442,720,677,133,593,1057,0.261,1.40
,25,Atlanta Braves,NL,84,78,4.11,162,162,36,52,1456.1,1442,733,665,172,537,1106,0.259,1.36
,26,New York Mets,NL,88,74,4.26,162,162,39,57,1452.1,1415,750,687,165,570,1134,0.255,1.37
,27,Toronto Blue Jays,AL,83,79,4.00,162,162,44,69,1448.2,1383,699,644,157,479,1067,0.251,1.29
,28,San Diego Padres,NL,89,74,3.70,163,163,45,67,1484.2,1406,666,611,119,474,1136,0.250,1.27
,29,Boston Red Sox,AL,96,66,3.87,162,162,45,57,1438.2,1350,657,618,151,482,1149,0.247,1.27
,30,Chicago Cubs,NL,85,77,4.04,162,162,39,53,1446.2,1340,690,650,165,573,1211,0.246,1.32
2006,1,Kansas City Royals,AL,62,100,5.65,162,162,35,66,1426.1,1648,971,896,213,637,904,0.292,1.60
,2,Tampa Bay Devil Rays,AL,61,101,4.96,162,162,33,54,1420.1,1600,856,782,180,606,979,0.286,1.55
,3,Baltimore Orioles,AL,70,92,5.35,162,162,35,56,1419.0,1579,899,843,216,613,1016,0.284,1.54
,4,Cleveland Indians,AL,78,84,4.41,162,162,24,47,1423.1,1583,782,698,166,429,948,0.282,1.41
,5,Pittsburgh Pirates,NL,67,95,4.52,162,162,39,60,1435.0,1545,797,720,156,620,1060,0.281,1.51
,6,Boston Red Sox,AL,86,76,4.83,162,162,46,69,1441.1,1570,825,773,181,509,1070,0.279,1.44
,7,Texas Rangers,AL,80,82,4.60,162,162,42,65,1431.1,1558,784,731,162,496,972,0.278,1.44
,8,Cincinnati Reds,NL,80,82,4.51,162,162,36,60,1445.2,1576,801,725,213,464,1053,0.278,1.41
,9,Colorado Rockies,NL,76,86,4.66,162,162,34,58,1447.1,1549,812,749,155,553,952,0.277,1.45
,10,Philadelphia Phillies,NL,85,77,4.60,162,162,42,64,1460.1,1561,812,747,211,512,1138,0.275,1.42
,11,Washington Nationals,NL,71,91,5.03,162,162,32,55,1436.1,1535,872,803,193,584,960,0.274,1.48
,12,Atlanta Braves,NL,79,83,4.60,162,162,38,67,1441.1,1529,805,736,183,572,1049,0.273,1.46
,13,Oakland Athletics,AL,93,69,4.21,162,162,54,74,1451.2,1525,727,679,162,529,1003,0.272,1.41
,14,Chicago White Sox,AL,90,72,4.61,162,162,46,63,1449.0,1534,794,743,200,433,1012,0.271,1.36
,15,Los Angeles Dodgers,NL,88,74,4.23,162,162,40,61,1460.1,1524,751,686,152,492,1068,0.269,1.38
,16,St. Louis Cardinals,NL,83,78,4.54,161,161,38,57,1429.2,1475,762,721,193,504,970,0.268,1.38
,17,Seattle Mariners,AL,78,84,4.60,162,162,47,67,1446.2,1500,792,739,183,560,1067,0.267,1.42
,18,Florida Marlins,NL,78,84,4.37,162,162,41,68,1433.1,1465,772,696,166,622,1088,0.267,1.46
,19,Arizona Diamondbacks,NL,76,86,4.48,162,162,34,54,1459.2,1503,788,727,168,536,1115,0.267,1.40
,20,Minnesota Twins,AL,96,66,3.95,162,162,40,50,1439.1,1490,683,632,182,356,1164,0.267,1.28
,21,Milwaukee Brewers,NL,75,87,4.82,162,162,43,67,1425.2,1454,833,763,177,514,1145,0.265,1.38
,22,New York Yankees,AL,97,65,4.41,162,162,43,60,1443.2,1463,767,708,170,496,1019,0.262,1.36
,23,Toronto Blue Jays,AL,87,75,4.37,162,162,42,62,1428.1,1447,754,694,185,504,1076,0.262,1.37
,24,San Francisco Giants,NL,76,85,4.63,161,161,37,59,1429.2,1422,790,735,153,584,992,0.261,1.40
,25,Detroit Tigers,AL,95,67,3.84,162,162,46,62,1448.0,1420,675,618,160,489,1003,0.257,1.32
,26,Houston Astros,NL,82,80,4.08,162,162,42,60,1468.2,1425,719,666,182,480,1160,0.256,1.30
,27,Chicago Cubs,NL,66,96,4.74,162,162,29,46,1439.0,1396,834,758,210,687,1250,0.255,1.45
,28,Los Angeles Angels,AL,89,73,4.04,162,162,50,63,1452.2,1410,732,652,158,471,1164,0.254,1.29
,29,New York Mets,NL,97,65,4.15,162,162,43,58,1461.1,1402,731,674,180,527,1161,0.253,1.32
,30,San Diego Padres,NL,88,74,3.87,162,162,50,71,1463.2,1385,679,629,176,468,1097,0.249,1.27
2005,1,Kansas City Royals,AL,56,106,5.49,162,162,25,43,1413.1,1640,935,862,178,580,924,0.291,1.57
,2,Cincinnati Reds,NL,73,89,5.15,163,163,31,47,1433.0,1657,889,820,219,492,955,0.290,1.50
,3,Colorado Rockies,NL,67,95,5.13,162,162,37,63,1418.2,1600,862,808,175,604,981,0.287,1.55
,4,Tampa Bay Devil Rays,AL,67,95,5.39,162,162,43,69,1421.2,1570,936,851,194,615,949,0.280,1.54
,5,Texas Rangers,AL,79,83,4.96,162,162,46,68,1440.0,1589,858,794,159,522,932,0.279,1.47
,6,Arizona Diamondbacks,NL,77,85,4.84,162,162,45,62,1456.1,1580,856,783,193,537,1038,0.278,1.45
,7,Boston Red Sox,AL,95,67,4.74,162,162,38,57,1429.0,1550,805,752,164,440,959,0.276,1.39
,8,Detroit Tigers,AL,71,91,4.51,162,162,37,57,1435.2,1504,787,719,193,461,907,0.272,1.37
,9,New York Yankees,AL,95,67,4.52,162,162,46,67,1430.2,1495,789,718,164,463,985,0.269,1.37
,10,Seattle Mariners,AL,69,93,4.49,162,162,39,59,1427.2,1483,751,712,179,496,892,0.268,1.39
,11,Atlanta Braves,NL,90,72,3.98,162,162,38,62,1443.2,1487,674,639,145,520,929,0.268,1.39
,12,Pittsburgh Pirates,NL,67,95,4.42,162,162,35,47,1436.0,1456,769,706,162,612,958,0.267,1.44
,13,Florida Marlins,NL,83,79,4.16,162,162,42,60,1442.1,1459,732,666,116,563,1125,0.266,1.40
,14,Toronto Blue Jays,AL,80,82,4.06,162,162,35,56,1447.0,1475,705,653,185,444,958,0.264,1.33
,15,San Francisco Giants,NL,75,87,4.33,162,162,46,74,1444.1,1456,745,695,151,592,972,0.263,1.42
,16,Baltimore Orioles,AL,74,88,4.56,162,162,38,57,1427.2,1458,800,724,180,580,1052,0.263,1.43
,17,Los Angeles Dodgers,NL,71,91,4.38,162,162,40,59,1427.1,1434,755,695,182,471,1004,0.263,1.33
,18,Washington Nationals,NL,81,81,3.87,162,162,51,69,1458.0,1456,673,627,140,539,997,0.262,1.37
,19,Minnesota Twins,AL,83,79,3.71,162,162,44,60,1464.1,1458,662,604,169,348,965,0.261,1.23
,20,San Diego Padres,NL,82,80,4.13,162,162,45,65,1455.1,1452,726,668,146,503,1133,0.259,1.34
,21,St. Louis Cardinals,NL,100,62,3.49,162,162,48,65,1445.2,1399,634,560,153,443,974,0.257,1.27
,22,New York Mets,NL,83,79,3.76,162,162,38,59,1435.2,1390,648,599,135,491,1012,0.255,1.31
,23,Los Angeles Angels,AL,95,67,3.68,162,162,54,71,1464.1,1419,643,598,158,443,1126,0.254,1.27
,24,Philadelphia Phillies,NL,88,74,4.21,162,162,40,63,1435.0,1379,726,672,189,487,1159,0.253,1.30
,25,Milwaukee Brewers,NL,81,81,3.97,162,162,46,67,1438.0,1382,697,635,169,569,1173,0.251,1.36
,26,Chicago Cubs,NL,79,83,4.19,162,162,39,58,1440.0,1357,714,671,186,576,1256,0.250,1.34
,27,Chicago White Sox,AL,99,63,3.61,162,162,54,73,1475.2,1392,645,592,167,459,1040,0.249,1.25
,28,Cleveland Indians,AL,93,69,3.61,162,162,51,66,1452.2,1363,642,582,157,413,1050,0.247,1.22
,29,Houston Astros,NL,89,73,3.51,163,163,45,58,1443.0,1336,609,563,155,440,1164,0.246,1.23
,30,Oakland Athletics,AL,88,74,3.69,162,162,38,56,1450.1,1315,658,594,154,504,1075,0.241,1.25
2004,1,Colorado Rockies,NL,68,94,5.54,162,162,36,70,1435.1,1634,923,883,198,697,947,0.290,1.62
,2,Kansas City Royals,AL,58,104,5.15,162,162,25,47,1420.1,1638,905,813,208,518,887,0.290,1.52
,3,Cincinnati Reds,NL,76,86,5.19,162,162,47,78,1443.2,1595,907,832,236,572,992,0.280,1.50
,4,Detroit Tigers,AL,72,90,4.93,162,162,35,63,1439.2,1542,844,788,190,530,995,0.275,1.44
,5,Texas Rangers,AL,89,73,4.53,162,162,52,66,1439.2,1536,794,724,182,547,979,0.274,1.45
,6,Toronto Blue Jays,AL,67,94,4.91,161,161,37,53,1421.0,1505,823,775,181,608,956,0.273,1.49
,7,Chicago White Sox,AL,83,79,4.91,162,162,34,46,1432.1,1505,831,782,224,527,1013,0.272,1.42
,8,New York Yankees,AL,101,61,4.69,162,162,59,76,1443.2,1532,808,752,182,445,1058,0.271,1.37
,9,Cleveland Indians,AL,80,82,4.81,162,162,32,60,1466.2,1553,857,784,201,579,1115,0.271,1.45
,10,Pittsburgh Pirates,NL,72,89,4.29,161,161,46,69,1428.0,1451,744,680,149,576,1079,0.267,1.42
,11,Minnesota Twins,AL,92,70,4.03,162,162,48,68,1476.0,1523,715,661,167,431,1123,0.267,1.32
,12,Arizona Diamondbacks,NL,51,111,4.98,162,162,33,55,1436.0,1480,899,794,197,668,1153,0.266,1.50
,13,Montreal Expos,NL,67,95,4.33,162,162,31,49,1447.0,1477,769,696,191,582,1032,0.266,1.42
,14,Atlanta Braves,NL,96,66,3.74,162,162,48,68,1450.0,1475,668,603,154,523,1025,0.265,1.38
,15,Seattle Mariners,AL,63,99,4.76,162,162,28,49,1459.1,1498,823,772,212,575,1036,0.265,1.42
,16,Tampa Bay Devil Rays,AL,70,91,4.81,161,161,35,45,1417.0,1459,842,757,192,580,923,0.265,1.44
,17,San Francisco Giants,NL,91,71,4.29,162,162,46,74,1457.0,1481,770,695,161,548,1020,0.265,1.39
,18,Philadelphia Phillies,NL,86,76,4.45,162,162,43,68,1462.2,1488,781,724,214,502,1070,0.264,1.36
,19,Baltimore Orioles,AL,78,84,4.70,162,162,27,47,1455.1,1488,830,760,159,687,1090,0.264,1.49
,20,San Diego Padres,NL,87,75,4.03,162,162,44,64,1441.0,1460,705,645,184,422,1079,0.263,1.31
,21,Anaheim Angels,AL,92,70,4.28,162,162,50,67,1454.1,1476,734,692,170,502,1164,0.263,1.36
,22,Oakland Athletics,AL,91,71,4.17,162,162,35,63,1471.1,1466,742,682,164,544,1034,0.262,1.37
,23,New York Mets,NL,71,91,4.09,162,162,31,52,1449.0,1452,731,658,156,592,977,0.261,1.41
,24,Milwaukee Brewers,NL,67,94,4.24,161,161,42,64,1442.0,1440,757,679,164,476,1098,0.259,1.33
,25,Houston Astros,NL,92,70,4.05,162,162,47,70,1443.0,1416,698,650,174,525,1282,0.258,1.35
,26,Florida Marlins,NL,83,79,4.10,162,162,53,75,1439.0,1395,700,655,166,513,1116,0.256,1.33
,27,Boston Red Sox,AL,98,64,4.18,162,162,36,49,1451.1,1430,768,674,159,447,1132,0.255,1.29
,28,Los Angeles Dodgers,NL,93,69,4.01,162,162,51,60,1453.1,1386,684,647,178,521,1066,0.254,1.31
,29,St. Louis Cardinals,NL,105,57,3.75,162,162,57,73,1453.2,1378,659,605,169,440,1041,0.251,1.25
,30,Chicago Cubs,NL,89,73,3.81,162,162,42,66,1465.1,1363,665,621,169,545,1346,0.247,1.30
2003,1,Colorado Rockies,NL,74,88,5.20,162,162,34,54,1420.0,1629,892,821,200,552,866,0.290,1.54
,2,Texas Rangers,AL,71,91,5.67,162,162,43,63,1433.1,1625,969,903,208,603,1009,0.288,1.55
,3,Detroit Tigers,AL,43,119,5.30,162,162,27,46,1438.2,1616,928,847,195,557,764,0.286,1.51
,4,Milwaukee Brewers,NL,68,94,5.02,162,162,44,71,1452.0,1590,873,810,219,575,1034,0.279,1.49
,5,Kansas City Royals,AL,83,79,5.05,162,162,36,64,1438.2,1569,867,808,190,566,865,0.279,1.48
,6,Cincinnati Reds,NL,69,93,5.09,162,162,38,64,1446.1,1578,886,818,209,590,932,0.278,1.50
,7,Baltimore Orioles,AL,71,91,4.76,163,163,41,62,1449.2,1579,820,767,198,526,981,0.278,1.45
,8,Toronto Blue Jays,AL,86,76,4.69,162,162,35,52,1435.0,1560,826,748,184,485,984,0.276,1.43
,9,New York Mets,NL,66,95,4.48,161,161,38,53,1413.1,1497,754,704,168,576,907,0.273,1.47
,10,Pittsburgh Pirates,NL,75,87,4.64,162,162,44,68,1444.1,1527,801,744,178,502,926,0.272,1.40
,11,St. Louis Cardinals,NL,85,77,4.60,162,162,41,71,1463.2,1544,796,748,210,508,969,0.271,1.40
,12,Minnesota Twins,AL,90,72,4.41,162,162,45,64,1462.0,1526,758,716,187,402,997,0.268,1.32
,13,New York Yankees,AL,101,61,4.02,163,163,49,67,1462.0,1512,716,653,145,375,1119,0.265,1.29
,14,Tampa Bay Devil Rays,AL,63,99,4.93,162,162,30,55,1436.2,1454,852,787,196,639,877,0.264,1.46
,15,Cleveland Indians,AL,68,94,4.21,162,162,34,59,1459.1,1477,778,682,179,501,943,0.264,1.36
,16,Montreal Expos,NL,83,79,4.01,162,162,42,60,1437.2,1467,716,640,181,463,1028,0.264,1.34
,17,San Diego Padres,NL,64,98,4.87,162,162,31,49,1431.1,1458,831,774,208,611,1091,0.264,1.45
,18,Boston Red Sox,AL,95,67,4.48,162,162,36,57,1464.2,1503,809,729,153,488,1141,0.263,1.36
,19,Anaheim Angels,AL,77,85,4.28,162,162,39,52,1431.1,1444,743,680,190,486,980,0.261,1.35
,20,Florida Marlins,NL,91,71,4.04,162,162,36,49,1445.1,1415,692,648,128,530,1132,0.258,1.35
,21,Atlanta Braves,NL,101,61,4.10,162,162,51,71,1456.1,1425,740,663,147,555,992,0.257,1.36
,22,Philadelphia Phillies,NL,86,76,4.04,162,162,33,51,1443.2,1386,697,648,142,536,1060,0.253,1.33
,23,Chicago White Sox,AL,86,76,4.17,162,162,36,53,1431.0,1364,715,663,162,518,1056,0.253,1.32
,24,San Francisco Giants,NL,100,61,3.73,161,161,43,60,1437.1,1349,638,595,136,546,1006,0.250,1.32
,25,Arizona Diamondbacks,NL,84,78,3.84,162,162,42,55,1455.0,1379,685,621,150,526,1291,0.250,1.31
,26,Houston Astros,NL,87,75,3.86,162,162,50,64,1450.0,1350,677,622,161,565,1139,0.248,1.32
,27,Seattle Mariners,AL,93,69,3.76,162,162,38,52,1441.0,1340,637,602,173,466,1001,0.247,1.25
,28,Oakland Athletics,AL,96,66,3.63,162,162,48,60,1441.2,1336,643,582,140,499,1018,0.246,1.27
,29,Chicago Cubs,NL,88,74,3.83,162,162,36,51,1456.1,1304,683,619,143,617,1404,0.241,1.32
,30,Los Angeles Dodgers,NL,85,77,3.16,162,162,58,66,1457.2,1254,556,511,127,526,1289,0.234,1.22
2002,1,Detroit Tigers,AL,55,106,4.92,161,161,33,53,1414.0,1593,864,773,163,463,794,0.285,1.45
,2,Kansas City Royals,AL,62,100,5.21,162,162,30,54,1441.0,1587,891,834,212,572,909,0.281,1.50
,3,Tampa Bay Devil Rays,AL,55,106,5.29,161,161,25,46,1440.1,1567,918,846,215,620,925,0.279,1.52
,4,Colorado Rockies,NL,73,89,5.20,162,162,43,59,1426.2,1554,898,825,225,582,920,0.277,1.50
,5,Cleveland Indians,AL,74,88,4.91,162,162,34,53,1424.2,1508,837,777,142,603,1058,0.274,1.48
,6,San Diego Padres,NL,66,96,4.62,162,162,40,62,1436.1,1522,815,737,177,582,1108,0.274,1.46
,7,Texas Rangers,AL,72,90,5.15,162,162,33,65,1439.2,1528,882,824,194,669,1030,0.272,1.53
,8,Toronto Blue Jays,AL,78,84,4.80,162,162,41,70,1438.1,1504,828,767,177,590,991,0.269,1.46
,9,Cincinnati Reds,NL,78,84,4.27,162,162,42,57,1453.2,1502,774,690,173,550,980,0.269,1.41
,10,Milwaukee Brewers,NL,56,106,4.73,162,162,32,42,1432.1,1468,821,752,199,666,1026,0.268,1.49
,11,Pittsburgh Pirates,NL,72,89,4.23,161,161,47,66,1412.2,1447,730,664,163,572,920,0.268,1.43
,12,Baltimore Orioles,AL,67,95,4.46,162,162,31,46,1450.2,1491,773,719,208,549,967,0.266,1.41
,13,Montreal Expos,NL,83,79,3.97,162,162,39,59,1453.0,1475,718,641,165,508,1088,0.265,1.36
,14,Florida Marlins,NL,79,83,4.36,162,162,36,55,1456.1,1449,763,706,151,631,1104,0.262,1.43
,15,Minnesota Twins,AL,94,67,4.12,161,161,47,65,1444.2,1454,712,662,184,439,1026,0.261,1.31
,16,Chicago White Sox,AL,81,81,4.53,162,162,35,46,1423.0,1422,798,716,190,528,945,0.260,1.37
,17,Houston Astros,NL,84,78,4.00,162,162,43,58,1445.0,1423,695,642,151,546,1219,0.260,1.36
,18,Seattle Mariners,AL,93,69,4.07,162,162,43,64,1445.1,1422,699,654,178,441,1063,0.257,1.29
,19,New York Mets,NL,75,86,3.89,161,161,36,51,1442.2,1408,703,624,163,543,1107,0.256,1.35
,20,New York Yankees,AL,103,58,3.87,161,161,53,69,1452.0,1441,697,625,144,403,1135,0.256,1.27
,21,Chicago Cubs,NL,67,95,4.29,162,162,23,48,1441.1,1373,759,687,167,606,1333,0.253,1.37
,22,Philadelphia Phillies,NL,80,81,4.17,161,161,47,71,1449.2,1381,724,671,153,570,1075,0.252,1.35
,23,Oakland Athletics,AL,103,59,3.68,162,162,48,68,1452.0,1391,654,593,135,474,1021,0.252,1.28
,24,St. Louis Cardinals,NL,97,65,3.70,162,162,42,63,1446.1,1355,648,595,141,547,1009,0.251,1.32
,25,San Francisco Giants,NL,95,66,3.54,162,162,43,60,1437.1,1349,616,566,116,523,992,0.251,1.30
,26,Arizona Diamondbacks,NL,98,64,3.92,162,162,40,59,1446.2,1361,674,630,170,421,1303,0.247,1.23
,27,Anaheim Angels,AL,99,63,3.69,162,162,54,70,1452.1,1345,644,595,169,509,999,0.247,1.28
,28,Boston Red Sox,AL,93,69,3.75,162,162,51,68,1446.0,1339,665,603,146,430,1157,0.246,1.22
,29,Los Angeles Dodgers,NL,92,70,3.69,162,162,56,71,1457.2,1311,643,598,165,555,1132,0.242,1.28
,30,Atlanta Braves,NL,101,59,3.13,161,161,57,71,1467.1,1302,565,511,123,554,1058,0.240,1.26
2001,1,Texas Rangers,AL,73,89,5.71,162,162,37,56,1438.1,1670,968,913,222,596,951,0.293,1.58
,2,Detroit Tigers,AL,66,96,5.01,162,162,34,56,1429.1,1624,876,795,180,553,859,0.289,1.52
,3,Cincinnati Reds,NL,66,96,4.77,162,162,35,55,1442.2,1572,850,765,198,515,943,0.279,1.45
,4,Kansas City Royals,AL,65,97,4.87,162,162,30,50,1440.0,1537,858,779,209,576,911,0.276,1.47
,5,Toronto Blue Jays,AL,80,82,4.28,162,162,41,66,1462.2,1553,753,696,165,490,1041,0.275,1.40
,6,Colorado Rockies,NL,73,89,5.29,162,162,26,50,1430.0,1522,906,841,239,598,1058,0.275,1.48
,7,Tampa Bay Devil Rays,AL,62,100,4.94,162,162,30,51,1423.2,1513,887,781,207,569,1030,0.273,1.46
,8,Pittsburgh Pirates,NL,62,100,5.05,162,162,36,51,1416.1,1493,858,794,167,549,908,0.272,1.44
,9,Montreal Expos,NL,68,94,4.68,162,162,28,46,1431.1,1509,812,745,190,525,1103,0.272,1.42
,10,Cleveland Indians,AL,91,71,4.64,162,162,42,57,1446.2,1512,821,746,148,573,1218,0.270,1.44
,11,San Diego Padres,NL,79,83,4.52,162,162,46,66,1440.2,1519,812,724,219,476,1088,0.269,1.38
,12,Baltimore Orioles,AL,63,98,4.67,162,162,31,50,1432.1,1504,829,744,194,528,938,0.269,1.42
,13,Minnesota Twins,AL,85,77,4.51,162,162,45,64,1441.1,1494,766,722,192,445,965,0.268,1.35
,14,Chicago White Sox,AL,83,79,4.55,162,162,51,71,1433.1,1465,795,725,181,500,921,0.266,1.37
,15,Milwaukee Brewers,NL,68,94,4.64,162,162,28,45,1436.1,1452,806,740,197,667,1057,0.265,1.48
,16,Anaheim Angels,AL,75,87,4.20,162,162,43,60,1437.2,1452,730,671,168,525,947,0.263,1.38
,17,Houston Astros,NL,93,69,4.37,162,162,48,65,1454.2,1453,769,707,221,486,1228,0.261,1.33
,18,Philadelphia Phillies,NL,86,76,4.15,162,162,47,71,1445.1,1417,719,667,170,527,1086,0.259,1.35
,19,San Francisco Giants,NL,90,72,4.18,162,162,47,63,1463.1,1437,748,680,145,579,1080,0.258,1.38
,20,New York Mets,NL,82,80,4.07,162,162,48,64,1445.2,1418,713,654,186,438,1191,0.257,1.28
,21,Florida Marlins,NL,76,86,4.32,162,162,32,49,1438.0,1397,744,691,151,617,1119,0.257,1.40
,22,New York Yankees,AL,95,65,4.02,161,161,57,70,1451.1,1429,713,649,158,465,1266,0.257,1.31
,23,St. Louis Cardinals,NL,93,69,3.93,162,162,38,55,1435.1,1389,684,627,196,526,1083,0.256,1.33
,24,Boston Red Sox,AL,82,79,4.15,161,161,48,69,1448.0,1412,745,667,146,544,1259,0.254,1.35
,25,Los Angeles Dodgers,NL,86,76,4.25,162,162,46,72,1450.2,1387,744,685,184,524,1212,0.252,1.32
,26,Atlanta Braves,NL,88,74,3.59,162,162,41,63,1447.1,1363,643,578,153,499,1133,0.250,1.29
,27,Oakland Athletics,AL,102,60,3.59,162,162,44,67,1463.1,1384,645,583,153,440,1117,0.249,1.25
,28,Chicago Cubs,NL,88,74,4.03,162,162,41,60,1437.0,1357,701,643,164,550,1344,0.249,1.33
,29,Arizona Diamondbacks,NL,92,70,3.87,162,162,34,50,1459.2,1352,677,627,195,461,1297,0.247,1.24
,30,Seattle Mariners,AL,116,46,3.54,162,162,56,73,1465.0,1293,627,576,160,465,1051,0.236,1.20
2000,1,Texas Rangers,AL,71,91,5.52,162,162,39,65,1429.0,1683,974,876,202,661,918,0.294,1.64
,2,Minnesota Twins,AL,69,93,5.16,162,162,35,54,1432.2,1634,880,821,212,516,1042,0.287,1.50
,3,Toronto Blue Jays,AL,83,79,5.14,162,162,37,52,1437.1,1615,908,821,195,560,978,0.285,1.51
,4,Montreal Expos,NL,67,95,5.14,162,162,39,59,1424.2,1575,902,814,181,579,1011,0.282,1.51
,5,Kansas City Royals,AL,77,85,5.48,162,162,29,55,1439.1,1585,930,876,239,693,927,0.282,1.58
,6,Houston Astros,NL,72,90,5.42,162,162,30,55,1437.2,1596,944,865,234,598,1064,0.281,1.53
,7,Colorado Rockies,NL,82,80,5.27,162,162,33,58,1430.0,1568,897,838,221,588,1001,0.281,1.51
,8,Detroit Tigers,AL,79,83,4.72,162,162,44,61,1443.1,1583,827,757,177,496,978,0.280,1.44
,9,Tampa Bay Devil Rays,AL,69,92,4.86,161,161,38,66,1431.1,1553,842,773,198,533,955,0.278,1.46
,10,Pittsburgh Pirates,NL,69,93,4.94,162,162,27,48,1449.0,1554,888,795,163,711,1070,0.277,1.56
,11,Baltimore Orioles,AL,74,88,5.37,162,162,33,57,1433.1,1547,913,855,202,665,1017,0.275,1.54
,12,Oakland Athletics,AL,91,70,4.58,161,161,43,62,1435.1,1535,813,730,158,615,963,0.274,1.50
,13,Anaheim Angels,AL,82,80,5.02,162,162,46,68,1448.0,1534,869,807,228,662,846,0.273,1.52
,14,Chicago White Sox,AL,95,67,4.66,162,162,43,67,1450.1,1509,839,751,195,614,1037,0.270,1.46
,15,Cleveland Indians,AL,90,72,4.84,162,162,34,57,1442.1,1511,816,775,173,666,1213,0.270,1.51
,16,Florida Marlins,NL,79,82,4.59,161,161,48,68,1429.2,1477,797,729,169,650,1051,0.269,1.49
,17,Milwaukee Brewers,NL,73,89,4.63,163,163,29,44,1466.1,1501,826,755,174,728,967,0.269,1.52
,18,Chicago Cubs,NL,65,97,5.25,162,162,39,68,1454.2,1505,904,849,231,658,1143,0.268,1.49
,19,San Francisco Giants,NL,97,65,4.21,162,162,47,70,1444.1,1452,747,675,151,623,1076,0.266,1.44
,20,Philadelphia Phillies,NL,65,97,4.77,162,162,34,54,1438.2,1458,830,763,201,640,1123,0.265,1.46
,21,New York Yankees,AL,87,74,4.76,161,161,40,57,1424.1,1458,814,753,177,577,1040,0.263,1.43
,22,Arizona Diamondbacks,NL,85,77,4.35,162,162,38,56,1443.2,1441,754,698,190,500,1220,0.262,1.34
,23,Seattle Mariners,AL,91,71,4.51,162,162,44,60,1441.2,1442,780,723,167,634,998,0.262,1.44
,24,Cincinnati Reds,NL,85,77,4.33,163,163,42,54,1456.1,1446,765,700,190,659,1015,0.261,1.45
,25,St. Louis Cardinals,NL,95,67,4.38,162,162,37,59,1433.2,1403,771,698,196,606,1100,0.259,1.40
,26,San Diego Padres,NL,76,86,4.52,162,162,46,70,1459.1,1443,815,733,191,649,1071,0.258,1.43
,27,Atlanta Braves,NL,95,67,4.05,162,162,53,67,1440.1,1428,714,648,165,484,1093,0.258,1.33
,28,Boston Red Sox,AL,85,77,4.23,162,162,46,65,1452.2,1433,745,683,173,498,1121,0.257,1.33
,29,New York Mets,NL,94,68,4.16,162,162,49,66,1450.0,1398,738,670,164,574,1164,0.252,1.36
,30,Los Angeles Dodgers,NL,86,76,4.10,162,162,36,59,1445.0,1379,729,659,176,600,1154,0.252,1.37